{
"type": "FeatureCollection",
"name": "legal_amazon_boundary",
"crs": { "type": "name", "properties": { "name": "urn:ogc:def:crs:OGC:1.3:CRS84" } },
"features": [
{ "type": "Feature", "properties": { "NOME": "Amazônia Legal", "AREA_KM2": 5015145.999 }, "geometry": { "type": "MultiPolygon", "coordinates": [ [ [ [ -45.643058302999989, -1.23068233799995 ], [ -45.643471077, -1.22297813699993 ], [ -45.649523094999907, -1.22938024599995 ], [ -45.643058302999989, -1.23068233799995 ] ] ], [ [ [ -45.643471077, -1.22297813699993 ], [ -45.63149737, -1.18711212099993 ], [ -45.614904673, -1.17021295899997 ], [ -45.609217177999909, -1.15704065499995 ], [ -45.62755974, -1.13158372899994 ], [ -45.648342555999903, -1.21466371299994 ], [ -45.643471077, -1.22297813699993 ] ] ], [ [ [ -59.625016028999909, 3.79067237300006 ], [ -59.636196115, 3.79106400700005 ], [ -59.629353675999909, 3.78423940300007 ], [ -59.625016028999909, 3.79067237300006 ] ] ], [ [ [ -69.993503703162204, 0.566727054810867 ], [ -69.993810026003004, 0.573685910649713 ], [ -69.999390429058394, 0.570209812326385 ], [ -69.993503703162204, 0.566727054810867 ] ] ], [ [ [ -70.542443733019198, -4.14843379502515 ], [ -70.543460732240021, -4.13915876213111 ], [ -70.549481367627394, -4.1363518442816 ], [ -70.542443733019198, -4.14843379502515 ] ] ], [ [ [ -71.433525334414796, -4.44675093905733 ], [ -71.426974504062599, -4.444149874064551 ], [ -71.416811083442695, -4.44289750943839 ], [ -71.415510550946294, -4.436635686307621 ], [ -71.438053114217098, -4.4284953162376 ], [ -71.433525334414796, -4.44675093905733 ] ] ], [ [ [ -71.6551095794715, -4.494738179780699 ], [ -71.647306384493106, -4.48139567972512 ], [ -71.652267675127504, -4.47291813456345 ], [ -71.661371402602299, -4.4769160677931 ], [ -71.6551095794715, -4.494738179780699 ] ] ], [ [ [ -70.586549178, -9.56773015299996 ], [ -70.588716402, -9.548961432999929 ], [ -70.600475207, -9.561096681999969 ], [ -70.586549178, -9.56773015299996 ] ] ], [ [ [ -56.6498826549999, -17.324176077999901 ], [ -56.648436354, -17.334847827 ], [ -56.644266291999898, -17.328007547 ], [ -56.6498826549999, -17.324176077999901 ] ] ], [ [ [ -46.135292622, -12.9299969059999 ], [ -46.112964968, -12.918010432 ], [ -46.128700287999898, -12.914193278 ], [ -46.135292622, -12.9299969059999 ] ] ], [ [ [ -49.618080172, 0.199240556000063 ], [ -49.561944271999906, 0.235735430000034 ], [ -49.562272101, 0.245758547000037 ], [ -49.602138099999905, 0.242767929000024 ], [ -49.632109469999897, 0.201028446000066 ], [ -49.618080172, 0.199240556000063 ] ] ], [ [ [ -49.626296583999903, 0.190127466000035 ], [ -49.660682677, 0.187259949000065 ], [ -49.677453141999898, 0.155723929000033 ], [ -49.639251077, 0.148866572000031 ], [ -49.605950484999902, 0.163008508000075 ], [ -49.60236418800001, 0.16946757200003 ], [ -49.626296583999903, 0.190127466000035 ] ] ], [ [ [ -50.427888386999911, 2.11715964100006 ], [ -50.420816112999894, 2.134789312000069 ], [ -50.440930797, 2.16651313800003 ], [ -50.472346297999898, 2.18299945400003 ], [ -50.480096435, 2.18076106100006 ], [ -50.519979314, 2.18374033100002 ], [ -50.552431122, 2.150297205000069 ], [ -50.5251718, 2.12930545900002 ], [ -50.504209177999897, 2.09403013300005 ], [ -50.516942302, 1.99939713700007 ], [ -50.492542347, 1.98325708500005 ], [ -50.44423955, 1.87593449300005 ], [ -50.410956469, 1.869890036000071 ], [ -50.403698362999897, 1.871737601000059 ], [ -50.395921131, 1.87444854500006 ], [ -50.386351541999908, 1.87758148300003 ], [ -50.31742043500001, 1.94750226700006 ], [ -50.328654782999905, 1.98491750800002 ], [ -50.348424905999906, 2.00485100100002 ], [ -50.362175228999902, 2.02531962800003 ], [ -50.360762429, 2.057359730000031 ], [ -50.384008885999904, 2.080075443000061 ], [ -50.40997014, 2.111897350000051 ], [ -50.427888386999911, 2.11715964100006 ] ] ], [ [ [ -49.574000167, 0.180299135000041 ], [ -49.554929342, 0.206433079000021 ], [ -49.578591291, 0.201841984000055 ], [ -49.607903856, 0.191953466000029 ], [ -49.574000167, 0.180299135000041 ] ] ], [ [ [ -49.449773417999907, 0.112692491000075 ], [ -49.4769070689999, 0.148206434000031 ], [ -49.500276056, 0.13473755800004 ], [ -49.50505621, 0.11935767600005 ], [ -49.449773417999907, 0.112692491000075 ] ] ], [ [ [ -48.972973313, -0.188779447999934 ], [ -48.975267453, -0.175781452999956 ], [ -48.978323163, -0.165613391999955 ], [ -48.9812507359999, -0.172808992999933 ], [ -48.986416703, -0.176459399999942 ], [ -48.972973313, -0.188779447999934 ] ] ], [ [ [ -48.879835527999902, -0.179368785999941 ], [ -48.875961834, -0.163251790999936 ], [ -48.909183464, -0.150174339999978 ], [ -48.93797947, -0.171245746999944 ], [ -48.939544809, -0.184525760999975 ], [ -48.942330775, -0.210868207999965 ], [ -48.908920967, -0.206164909999927 ], [ -48.866324786, -0.193063248999977 ], [ -48.870354375, -0.182978533999972 ], [ -48.879835527999902, -0.179368785999941 ] ] ], [ [ [ -47.973618766, -0.65048595199994 ], [ -47.985074864, -0.663963992999925 ], [ -47.980728079, -0.672344927999973 ], [ -47.973618766, -0.65048595199994 ] ] ], [ [ [ -48.008728828, -0.662252993999971 ], [ -48.015259864, -0.679407882999953 ], [ -48.01037918, -0.685113960999956 ], [ -48.008728828, -0.662252993999971 ] ] ], [ [ [ -48.765207432, -0.186255070999948 ], [ -48.747573857, -0.168637180999951 ], [ -48.764842184, -0.167805537999925 ], [ -48.765207432, -0.186255070999948 ] ] ], [ [ [ -47.840872668, -0.669225250999943 ], [ -47.835920773999909, -0.663626657999941 ], [ -47.841774278999907, -0.656120482999938 ], [ -47.840872668, -0.669225250999943 ] ] ], [ [ [ -46.14967174399991, -0.954047944999957 ], [ -46.14093636, -0.924701400999936 ], [ -46.1535456189999, -0.928804625999931 ], [ -46.14967174399991, -0.954047944999957 ] ] ], [ [ [ -46.4328076359999, -0.988770644999931 ], [ -46.416901012, -0.977825794999944 ], [ -46.401606193, -0.949875698999961 ], [ -46.41484891399989, -0.941869699999927 ], [ -46.4328076359999, -0.988770644999931 ] ] ], [ [ [ -46.312808392, -1.00733331899994 ], [ -46.308987203, -0.982536000999971 ], [ -46.308806379, -0.938265485999977 ], [ -46.328136292999901, -0.942991580999944 ], [ -46.339182974, -0.956855474999941 ], [ -46.324928272, -0.993172940999955 ], [ -46.312808392, -1.00733331899994 ] ] ], [ [ [ -46.37638807, -1.01638985499994 ], [ -46.380089971, -1.01036124899997 ], [ -46.382086526, -1.02616523199993 ], [ -46.37638807, -1.01638985499994 ] ] ], [ [ [ -46.440562192999899, -1.01821430899997 ], [ -46.432177565, -1.00888249499997 ], [ -46.443614447, -1.01001178299992 ], [ -46.447791337, -1.01708324199996 ], [ -46.440562192999899, -1.01821430899997 ] ] ], [ [ [ -45.804987294999904, -1.14510329899997 ], [ -45.807818306999891, -1.12446958899994 ], [ -45.828022839, -1.12974926099997 ], [ -45.826019763, -1.14985052799994 ], [ -45.804987294999904, -1.14510329899997 ] ] ], [ [ [ -45.535939078, -1.22798270399994 ], [ -45.544061020999898, -1.20283160799994 ], [ -45.5596204839999, -1.19477037799993 ], [ -45.579892918, -1.19573489699997 ], [ -45.588040874999898, -1.23089905499995 ], [ -45.595309555, -1.23782508099993 ], [ -45.535939078, -1.22798270399994 ] ] ], [ [ [ -45.105411421, -1.40772948099993 ], [ -45.093139688999898, -1.38239115299996 ], [ -45.111437767, -1.36301954799995 ], [ -45.126589096, -1.38687074599994 ], [ -45.111187172, -1.41282973399996 ], [ -45.105411421, -1.40772948099993 ] ] ], [ [ [ -44.946255947999902, -1.26619980399994 ], [ -44.986566105, -1.26614648399993 ], [ -44.999329869999897, -1.29631824499995 ], [ -44.979033066999897, -1.31129056999993 ], [ -44.992677133, -1.32310250299997 ], [ -45.028776041, -1.31802646399996 ], [ -45.030534982999903, -1.34156540799995 ], [ -45.014585001999897, -1.35358508499996 ], [ -45.022131902, -1.37877055299992 ], [ -45.005335639999906, -1.40082038299994 ], [ -44.993875961999898, -1.40171488599998 ], [ -44.94606665100001, -1.37683080899996 ], [ -44.918839498999908, -1.34742519599996 ], [ -44.896394842999896, -1.33729117099995 ], [ -44.892449324, -1.34533535999998 ], [ -44.868173167999899, -1.32987944999996 ], [ -44.878139225, -1.28547455699993 ], [ -44.946255947999902, -1.26619980399994 ] ] ], [ [ [ -45.0472479109999, -1.39724228199998 ], [ -45.040383016, -1.39137356399993 ], [ -45.041221723, -1.37543564599997 ], [ -45.047724966, -1.36619011299996 ], [ -45.0472479109999, -1.39724228199998 ] ] ], [ [ [ -45.084855601, -1.39330889399997 ], [ -45.070848672, -1.37853227499994 ], [ -45.080773044999901, -1.37553944099994 ], [ -45.084855601, -1.39330889399997 ] ] ], [ [ [ -45.095051999, -1.41654697799993 ], [ -45.103485884999898, -1.42505751099998 ], [ -45.092177053999905, -1.42293970599997 ], [ -45.095051999, -1.41654697799993 ] ] ], [ [ [ -45.070700627999898, -1.44427097499994 ], [ -45.077006299999901, -1.42911179099997 ], [ -45.082562810999903, -1.43248223499995 ], [ -45.092177053999905, -1.42293970599997 ], [ -45.099636704, -1.43238912199996 ], [ -45.093193425, -1.44368735199993 ], [ -45.084815168, -1.43944729599997 ], [ -45.078159188, -1.45472709699993 ], [ -45.070700627999898, -1.44427097499994 ] ] ], [ [ [ -44.751666873, -1.46836938999996 ], [ -44.774442920999903, -1.46033771499998 ], [ -44.783915056999902, -1.46349814199993 ], [ -44.793535779, -1.47043875699995 ], [ -44.778726016, -1.47697300499993 ], [ -44.774389672, -1.48730435199997 ], [ -44.780286931, -1.48323725599994 ], [ -44.809249244999904, -1.50228867499993 ], [ -44.815000908999899, -1.52298246799995 ], [ -44.835319368999897, -1.53939933599997 ], [ -44.831217170999899, -1.55690990899996 ], [ -44.835796364, -1.56367527399993 ], [ -44.831920963999899, -1.57332187799994 ], [ -44.823642357, -1.55738089599993 ], [ -44.803791843999896, -1.55656407499993 ], [ -44.797273704, -1.53342906999995 ], [ -44.793399246, -1.51739831099997 ], [ -44.790484106, -1.52658715899997 ], [ -44.745851898, -1.51207186299996 ], [ -44.751666873, -1.46836938999996 ] ] ], [ [ [ -44.734715009, -1.54079648599998 ], [ -44.753266445999898, -1.53690468899993 ], [ -44.767535043999892, -1.56740575199996 ], [ -44.7759771509999, -1.57352574999993 ], [ -44.780821438, -1.57955739799996 ], [ -44.809302707, -1.58796870499998 ], [ -44.831920963999899, -1.57332187799994 ], [ -44.856759842, -1.61847534899994 ], [ -44.878420235, -1.60193068099994 ], [ -44.885485254999899, -1.60357004399998 ], [ -44.909032622, -1.60144017899995 ], [ -44.917319623, -1.56443150799993 ], [ -44.917569630999907, -1.54157360199997 ], [ -44.899136378, -1.53278583199995 ], [ -44.895341002999892, -1.52593395399992 ], [ -44.891727753999895, -1.50881149199995 ], [ -44.881544592, -1.49143077799994 ], [ -44.868470167999909, -1.48960515299996 ], [ -44.845583458, -1.48859153199993 ], [ -44.830543268, -1.42771631199997 ], [ -44.865620887, -1.41303690599995 ], [ -44.884769588, -1.41936719999995 ], [ -44.886835522999903, -1.44208885299997 ], [ -44.935198363, -1.47940932299997 ], [ -44.943517432, -1.49056988799992 ], [ -44.955625609, -1.48480629599993 ], [ -44.948540943, -1.48266942699996 ], [ -44.968463278999891, -1.47699374699994 ], [ -44.973826963, -1.49980230599994 ], [ -44.947987844, -1.54164238999994 ], [ -44.953099123, -1.56002434599998 ], [ -44.961540997, -1.54971084399995 ], [ -44.974992786, -1.52807807899995 ], [ -45.005888942999903, -1.53298791999993 ], [ -45.006713329, -1.52069033299995 ], [ -44.98995604800001, -1.51260788699994 ], [ -45.00924035, -1.48585906299996 ], [ -45.050379775, -1.48737428699997 ], [ -45.070233806, -1.47335986799993 ], [ -45.078188296, -1.46112101399996 ], [ -45.097860540999903, -1.46052004199993 ], [ -45.117045942999901, -1.42931511599994 ], [ -45.133732709, -1.46386479299997 ], [ -45.119352370999898, -1.47639711899996 ], [ -45.140659621999902, -1.48404611699993 ], [ -45.144816454, -1.47839159299997 ], [ -45.149277305999895, -1.47224674199992 ], [ -45.179713899, -1.49573541299998 ], [ -45.196019287999896, -1.48812134999997 ], [ -45.224769578, -1.54205400699993 ], [ -45.263902371, -1.59763556899998 ], [ -45.337456098, -1.59273346699996 ], [ -45.336296964, -1.56864698199996 ], [ -45.319551517, -1.55724341399997 ], [ -45.311222807, -1.49274741199997 ], [ -45.367195583999901, -1.47307434299995 ], [ -45.384614563, -1.47844742599995 ], [ -45.383413026, -1.46665552499996 ], [ -45.374993984999904, -1.46213458299997 ], [ -45.299395518, -1.43500019499993 ], [ -45.305181134999906, -1.38582405799997 ], [ -45.313560548999909, -1.37463007899993 ], [ -45.310317961, -1.33168052699995 ], [ -45.351877348999899, -1.31331787299996 ], [ -45.366103299, -1.32457168299993 ], [ -45.35030463, -1.34661738999995 ], [ -45.375791192999898, -1.37252212599998 ], [ -45.374252565999903, -1.37942543699995 ], [ -45.377728923999904, -1.39345830199994 ], [ -45.370490421999897, -1.39486054099996 ], [ -45.413645250999899, -1.42339276999996 ], [ -45.404475088, -1.40108479699995 ], [ -45.4199872679999, -1.41035011999998 ], [ -45.416914434, -1.41737883499997 ], [ -45.4438553419999, -1.44434880299997 ], [ -45.471755017, -1.47952290199993 ], [ -45.487671147999897, -1.47398147299998 ], [ -45.474238423, -1.37165616799996 ], [ -45.430550965, -1.35417955599996 ], [ -45.409472976000011, -1.33272144999995 ], [ -45.411229407, -1.30043858199997 ], [ -45.455931815, -1.29652254599995 ], [ -45.455897342999897, -1.30866303099998 ], [ -45.4495227419999, -1.30951356199995 ], [ -45.477165611, -1.33204123399997 ], [ -45.487476426999905, -1.34209033299993 ], [ -45.490747414999902, -1.34917629099994 ], [ -45.495892318, -1.35698939999997 ], [ -45.509154542, -1.37808591499993 ], [ -45.526785452999903, -1.35876957399995 ], [ -45.518773506999899, -1.30119054999994 ], [ -45.536966962999891, -1.30755209099993 ], [ -45.5503905039999, -1.27604554799996 ], [ -45.592106057, -1.30243719199996 ], [ -45.59633962600001, -1.29475247799996 ], [ -45.587360345, -1.27002511599994 ], [ -45.634593267999897, -1.28228787399996 ], [ -45.637250029, -1.26344783999997 ], [ -45.637798542, -1.23582063999993 ], [ -45.643058302999989, -1.23068233799995 ], [ -45.6476388849999, -1.23563006699993 ], [ -45.667309691999897, -1.25605102999998 ], [ -45.668519038999897, -1.22200259199997 ], [ -45.683205186999899, -1.18589475299996 ], [ -45.705216086999897, -1.21228821299997 ], [ -45.705751446, -1.24826885099998 ], [ -45.688981645, -1.26456848899994 ], [ -45.679467377, -1.25851427599997 ], [ -45.672456981, -1.26104725699997 ], [ -45.697223251, -1.27308758499993 ], [ -45.706502413, -1.27005795799994 ], [ -45.737656198, -1.22143005999993 ], [ -45.712551037, -1.17372243399996 ], [ -45.692138647, -1.14127611399994 ], [ -45.723437551, -1.10990007899994 ], [ -45.729294108, -1.13370183399996 ], [ -45.750437695999899, -1.15965915899994 ], [ -45.764122576, -1.19436502599996 ], [ -45.770730614999898, -1.18937830299996 ], [ -45.77050058, -1.19884332999993 ], [ -45.801270097, -1.17320030799993 ], [ -45.803771556, -1.16155156999997 ], [ -45.828707468999895, -1.18257014199997 ], [ -45.831624877, -1.20568595599997 ], [ -45.837116969, -1.20112563099997 ], [ -45.854705203, -1.21403424999994 ], [ -45.866678086, -1.20842751699996 ], [ -45.862404475999902, -1.18499585999996 ], [ -45.869888886999902, -1.18716262999993 ], [ -45.870407621, -1.18073172299995 ], [ -45.868482957, -1.17359166699993 ], [ -45.883403447, -1.17384930499998 ], [ -45.874676765999901, -1.14989990299995 ], [ -45.893254958999897, -1.15876137899994 ], [ -45.895469533, -1.14743576999996 ], [ -45.864376666999902, -1.12288329999996 ], [ -45.857681387, -1.10448737699994 ], [ -45.844361444, -1.07262879699994 ], [ -45.86056102, -1.04970952199994 ], [ -45.875768272999899, -1.06654042199995 ], [ -45.8763695439999, -1.07627328999996 ], [ -45.895976415999904, -1.10471293399996 ], [ -45.94725267, -1.20237798899996 ], [ -45.954729368, -1.19083045799994 ], [ -45.957748224999897, -1.18400255699993 ], [ -45.953187093999908, -1.14011269299994 ], [ -45.962713258, -1.14114788599994 ], [ -45.965974936, -1.10904890999996 ], [ -45.981780976, -1.11542157899993 ], [ -45.969285159, -1.07860074499996 ], [ -45.974262801, -1.07188076399996 ], [ -45.971367839, -1.06509488899997 ], [ -45.965403179, -1.06146713699997 ], [ -45.979737561, -1.04943971799997 ], [ -45.998248487999902, -1.05913126499996 ], [ -46.008966859999902, -1.08013223899997 ], [ -46.009482362, -1.07258284699998 ], [ -46.016281009, -1.08058675499996 ], [ -46.046385417, -1.12399443699996 ], [ -46.04894186, -1.14355255799995 ], [ -46.0563550749999, -1.13158215399994 ], [ -46.067971123999897, -1.15038930799994 ], [ -46.073000553, -1.15601597299997 ], [ -46.077082436, -1.19624308999994 ], [ -46.103589728, -1.20242776799995 ], [ -46.076057347, -1.11598976099998 ], [ -46.063409142999902, -1.10618871999998 ], [ -46.077890523, -1.06892393899994 ], [ -46.093795093, -1.05464336699993 ], [ -46.071653378999898, -1.04148132999995 ], [ -46.085432012999902, -1.02043024699998 ], [ -46.115790108999903, -1.03811230799994 ], [ -46.149398602, -1.07552687599997 ], [ -46.158005486, -1.09006724199998 ], [ -46.170767746, -1.08023470799998 ], [ -46.151914026, -1.05356173099995 ], [ -46.1502540709999, -1.04363019099998 ], [ -46.162910599999989, -1.00318311899997 ], [ -46.177390237999902, -1.00114567699995 ], [ -46.193480787999903, -1.07960362599994 ], [ -46.237869238, -1.10264909999995 ], [ -46.204740930999897, -1.05232695099994 ], [ -46.222249, -0.987168513999961 ], [ -46.189351359999897, -0.948591921999935 ], [ -46.176376467, -0.94744202499993 ], [ -46.185792788, -0.905064006999964 ], [ -46.205847343999899, -0.885064479999926 ], [ -46.26583405, -0.916140862999953 ], [ -46.273764429, -0.973627354999962 ], [ -46.289478847999909, -0.991465418999951 ], [ -46.292953124, -1.00361623199996 ], [ -46.325535967, -1.02530615899997 ], [ -46.3545943519999, -1.00831935399998 ], [ -46.374431886, -1.02770913499995 ], [ -46.382086526, -1.02616523199993 ], [ -46.4015148679999, -0.997848395999938 ], [ -46.422411881, -1.00913414799993 ], [ -46.423655417, -1.01606740699998 ], [ -46.454106915, -1.02792411199994 ], [ -46.472513045, -1.01769775099996 ], [ -46.468624556, -0.983376256999975 ], [ -46.48234407, -0.973969809999971 ], [ -46.489491078, -0.976025581999977 ], [ -46.486302898, -0.967120498999975 ], [ -46.468677234, -0.963915103999966 ], [ -46.467424874999899, -0.954476635999924 ], [ -46.468147601999902, -0.929980923999949 ], [ -46.480506553999902, -0.920498411999972 ], [ -46.466783585, -0.914633830999946 ], [ -46.463544419, -0.906745916999967 ], [ -46.460234117, -0.914424291999978 ], [ -46.456428254999892, -0.906813621999959 ], [ -46.4319475409999, -0.90158383499994 ], [ -46.410255486, -0.887639906999937 ], [ -46.430706669999893, -0.866005815999927 ], [ -46.469669693999897, -0.87584693499997 ], [ -46.460621171, -0.886774751999951 ], [ -46.465253756, -0.891437173999975 ], [ -46.50015644, -0.874485485999969 ], [ -46.513877234999903, -0.889671229999976 ], [ -46.508880088, -0.906510319999938 ], [ -46.535724894999902, -0.955011389999925 ], [ -46.532756908999893, -0.910212569999942 ], [ -46.554669232, -0.915633408999952 ], [ -46.580267063999898, -0.981910214999971 ], [ -46.611055644, -0.955808383999965 ], [ -46.607981122, -0.940281436999953 ], [ -46.623051475, -0.950853018999965 ], [ -46.621215409999898, -0.959961915999941 ], [ -46.629067108999898, -0.964040297999929 ], [ -46.636340095, -0.96903143399993 ], [ -46.63729187, -0.945655350999971 ], [ -46.629632956, -0.917728519999969 ], [ -46.6364810809999, -0.906992345999925 ], [ -46.630238316, -0.882983413999966 ], [ -46.612778767, -0.856481140999961 ], [ -46.596982156, -0.855009121999956 ], [ -46.612153457, -0.817181643999959 ], [ -46.629313714, -0.800825610999937 ], [ -46.627674111, -0.81457987899995 ], [ -46.652897374, -0.791982613999949 ], [ -46.659875978999892, -0.791501060999963 ], [ -46.677851582, -0.798319220999929 ], [ -46.66688841099991, -0.814747160999957 ], [ -46.676245431, -0.830572507999932 ], [ -46.671214319999898, -0.851365096999928 ], [ -46.69713426, -0.834342249999963 ], [ -46.716441319, -0.850717784999972 ], [ -46.722347539999902, -0.866571713999974 ], [ -46.735448289, -0.861468880999951 ], [ -46.742760245999889, -0.820109411999965 ], [ -46.757984278, -0.805503846999954 ], [ -46.757629515, -0.798744491999969 ], [ -46.764526654, -0.808229508999943 ], [ -46.767286929, -0.839769729999944 ], [ -46.789069728999898, -0.859041418999936 ], [ -46.795706918, -0.870061027999952 ], [ -46.80776179, -0.866029826999977 ], [ -46.804985496, -0.826125607999927 ], [ -46.827636442, -0.842219052999951 ], [ -46.839801446, -0.821700660999966 ], [ -46.825647653, -0.802711632999944 ], [ -46.839484443999893, -0.791178901999956 ], [ -46.827476632, -0.793715576999944 ], [ -46.835500141, -0.748289421999971 ], [ -46.860873591, -0.74105971399996 ], [ -46.869216977, -0.746781961999943 ], [ -46.863588798, -0.760311465999962 ], [ -46.881276408, -0.764834991999976 ], [ -46.88455586, -0.808751030999929 ], [ -46.915445473, -0.830009643999972 ], [ -46.9183812919999, -0.840019112999926 ], [ -46.923640301, -0.85765848799997 ], [ -46.941664421, -0.868604610999967 ], [ -46.9478414169999, -0.79537836999998 ], [ -46.970291406999898, -0.767479489999971 ], [ -46.946889075999906, -0.734036205999928 ], [ -46.970810233, -0.704941715999951 ], [ -46.99213228299989, -0.718113340999935 ], [ -46.988982887, -0.724257584999975 ], [ -47.008547471, -0.768937065999978 ], [ -47.018394009, -0.760300640999958 ], [ -47.035559932999902, -0.77831953599997 ], [ -47.040658013, -0.796078875999967 ], [ -47.063378027999903, -0.792287366999972 ], [ -47.066833937999903, -0.774610270999972 ], [ -47.077895425, -0.774869996999939 ], [ -47.081503765, -0.755134367999972 ], [ -47.095732693999899, -0.756083235999938 ], [ -47.0875826179999, -0.710861236999961 ], [ -47.074648631999906, -0.707463851999933 ], [ -47.08858157200001, -0.678100202999929 ], [ -47.124524048, -0.677484743999969 ], [ -47.130142787999901, -0.683066749999966 ], [ -47.1247495329999, -0.691208592999942 ], [ -47.136970049, -0.701687410999966 ], [ -47.131476522999904, -0.709192937999944 ], [ -47.144965754999902, -0.742022522999946 ], [ -47.158765974999902, -0.748334514999954 ], [ -47.165947828999904, -0.765459089999979 ], [ -47.17812444, -0.741716235999945 ], [ -47.166439352999902, -0.712072623999973 ], [ -47.175321089, -0.67281627999995 ], [ -47.201031707, -0.69811412599995 ], [ -47.211789210999896, -0.68150953199995 ], [ -47.207149338, -0.676608965999947 ], [ -47.206522309, -0.648577209999928 ], [ -47.229611471999903, -0.63018743899994 ], [ -47.261962051999902, -0.624286831999939 ], [ -47.253077745, -0.646039713999926 ], [ -47.288927774999898, -0.64061402699997 ], [ -47.294068622999902, -0.645014108999931 ], [ -47.285876323, -0.606018601999949 ], [ -47.324044645, -0.59243721699994 ], [ -47.348865347999897, -0.600793462999945 ], [ -47.34894378900001, -0.611771432999944 ], [ -47.357847191, -0.605190560999972 ], [ -47.38254287800001, -0.601788441999929 ], [ -47.377336164, -0.617118244999972 ], [ -47.369883575, -0.629904077999925 ], [ -47.387850374, -0.627873815999976 ], [ -47.393770393, -0.652053845999944 ], [ -47.415222747, -0.64831348599995 ], [ -47.419525737, -0.639520370999946 ], [ -47.424040454, -0.644281826999929 ], [ -47.430056113, -0.638866211999925 ], [ -47.411710494, -0.597763395999948 ], [ -47.426540797, -0.584666410999944 ], [ -47.43382596, -0.585109756999941 ], [ -47.444441759, -0.584873096999956 ], [ -47.469352536, -0.59131302399993 ], [ -47.483212667, -0.622615734999954 ], [ -47.472330489999898, -0.631143162999933 ], [ -47.473518659, -0.67566614499998 ], [ -47.473544986, -0.735331097999961 ], [ -47.48231809, -0.738612658999955 ], [ -47.502054528, -0.705629727999963 ], [ -47.499837219, -0.695963695999978 ], [ -47.522639639, -0.64676194599997 ], [ -47.536817323, -0.641602980999949 ], [ -47.537248404, -0.606387019999943 ], [ -47.543516392, -0.59907377899998 ], [ -47.583558195, -0.577095997999947 ], [ -47.590600071, -0.588610272999972 ], [ -47.5867263, -0.628649300999939 ], [ -47.609953463, -0.690249643999948 ], [ -47.618787114, -0.700921842999946 ], [ -47.631492777999902, -0.706258891999937 ], [ -47.635857509999902, -0.686359409999966 ], [ -47.644685116999909, -0.68294773599996 ], [ -47.635381225999893, -0.657139696999934 ], [ -47.642344621999897, -0.653733881999926 ], [ -47.63324539, -0.612753751999946 ], [ -47.650622747999897, -0.582757514999969 ], [ -47.680356129, -0.580119836999927 ], [ -47.681320362, -0.58708424799994 ], [ -47.697705614, -0.597255435999955 ], [ -47.692628677, -0.553422442999931 ], [ -47.701127832999902, -0.549589297999944 ], [ -47.705195158, -0.534595550999938 ], [ -47.753104816, -0.542484853999952 ], [ -47.744698211999903, -0.567065011999944 ], [ -47.770905148999901, -0.565163771999948 ], [ -47.756191946999898, -0.606314744999963 ], [ -47.771754957, -0.607196805999934 ], [ -47.781620228999891, -0.581931483999938 ], [ -47.80910404, -0.586257660999934 ], [ -47.796351311, -0.562160684999981 ], [ -47.812523109, -0.557289985999944 ], [ -47.815425488, -0.570858361999967 ], [ -47.829771095, -0.617243676999976 ], [ -47.820871903, -0.632899164999969 ], [ -47.829658498, -0.638510915999973 ], [ -47.824832159, -0.646736154999928 ], [ -47.826535427, -0.654459695999947 ], [ -47.842766062999907, -0.681880231999969 ], [ -47.852093222, -0.669418693999944 ], [ -47.866470018, -0.665857634999952 ], [ -47.856319747, -0.643225745999928 ], [ -47.853636208, -0.635967970999957 ], [ -47.848923422, -0.615709017999961 ], [ -47.846780485999908, -0.587856389999956 ], [ -47.854816164999896, -0.589088629999935 ], [ -47.866642232999894, -0.562860487999956 ], [ -47.908195524, -0.560502926999959 ], [ -47.913418013999909, -0.574340413999948 ], [ -47.909198182999901, -0.595308514999942 ], [ -47.9199867949999, -0.595446403999972 ], [ -47.9149961419999, -0.601610326999946 ], [ -47.920447536, -0.625363070999924 ], [ -47.96393481, -0.640862690999938 ], [ -47.9716244849999, -0.678550879999932 ], [ -47.989402927999897, -0.694516546999978 ], [ -48.01037918, -0.685113960999956 ], [ -48.0211278089999, -0.685574981999935 ], [ -48.033116273, -0.664679833999969 ], [ -48.040405243, -0.663133500999948 ], [ -48.059922286999907, -0.667162504999965 ], [ -48.166207696999898, -0.791674990999979 ], [ -48.175288915, -0.819392149999942 ], [ -48.227186962, -0.826270819999934 ], [ -48.235522784999894, -0.834717501999933 ], [ -48.268463391, -0.902927530999932 ], [ -48.2937707849999, -0.919676530999936 ], [ -48.39484456, -0.910997949999967 ], [ -48.474716128999908, -0.873902095999938 ], [ -48.506703652999903, -0.805926686999953 ], [ -48.506106765, -0.750891113999955 ], [ -48.486363723, -0.723567426999978 ], [ -48.474571829, -0.607497648999924 ], [ -48.464492622, -0.493125931999941 ], [ -48.441105869999902, -0.412209474999941 ], [ -48.380646678999902, -0.332768575999978 ], [ -48.379742837, -0.279496976999951 ], [ -48.4129766349999, -0.243110361999925 ], [ -48.440236247, -0.225404712999932 ], [ -48.510859147, -0.240076767999938 ], [ -48.646601341999904, -0.236649851999971 ], [ -48.654090884, -0.240197426999941 ], [ -48.7437273789999, -0.24992236199995 ], [ -48.752799170999893, -0.245299988999932 ], [ -48.819338687, -0.216289299999971 ], [ -48.939565375, -0.225761857999942 ], [ -49.011018755, -0.168265490999943 ], [ -49.019108534999901, -0.160656880999966 ], [ -49.048053485, -0.165890960999945 ], [ -49.05703433, -0.162874690999956 ], [ -49.125737312999902, -0.167661919999944 ], [ -49.139865219999898, -0.160120829999926 ], [ -49.127020888999901, -0.160397835999959 ], [ -49.122735049, -0.145130030999951 ], [ -49.1514079, -0.14057463499995 ], [ -49.146842003, -0.154504095999926 ], [ -49.153485627999899, -0.158492981999927 ], [ -49.163848068999989, -0.132164121999949 ], [ -49.180868237, -0.13897062999996 ], [ -49.204253175, -0.135947363999946 ], [ -49.24936206, -0.165807983999969 ], [ -49.324423420999899, -0.159640920999948 ], [ -49.386881334, -0.190016531999959 ], [ -49.420901896, -0.169687722999925 ], [ -49.437599969, -0.116262159999962 ], [ -49.415478839999899, -0.066227062999928 ], [ -49.385250105, -0.050990957999943 ], [ -49.369325709, -0.032620667999936 ], [ -49.354331269999903, -0.009583839999948 ], [ -49.367306812, 0.026192750000064 ], [ -49.394566164, 0.06115322900007 ], [ -49.515089875999898, 0.081230710000057 ], [ -49.586773693999902, 0.088062425000032 ], [ -49.632227574, 0.074893383000074 ], [ -49.682535711999897, 0.11702023700002 ], [ -49.698608567999898, 0.162189157000057 ], [ -49.66396682700001, 0.204378906000045 ], [ -49.63750176, 0.233292885000026 ], [ -49.569037097, 0.277375293000034 ], [ -49.559809378, 0.279338253000049 ], [ -49.495029472999903, 0.318627394000032 ], [ -49.493756886, 0.349469687000067 ], [ -49.519151931999907, 0.382300135000037 ], [ -49.55786779200001, 0.402354053000067 ], [ -49.58192337, 0.418674009000028 ], [ -49.624706364, 0.393580061000023 ], [ -49.731085991, 0.375283269000022 ], [ -49.74173281, 0.36895245200003 ], [ -49.802159608, 0.333225981000055 ], [ -49.814026793, 0.336065449000046 ], [ -49.822214174, 0.356306019000044 ], [ -49.898014154, 0.324337487000037 ], [ -49.918903891, 0.321145603000048 ], [ -49.909794607, 0.344850183000062 ], [ -49.945910666, 0.365774763000047 ], [ -49.98283536000001, 0.357276471000034 ], [ -49.992908934, 0.338415402000066 ], [ -50.108298890999897, 0.341670749000059 ], [ -50.119917527, 0.336190926000029 ], [ -50.154599987, 0.336523589000024 ], [ -50.175938946, 0.355136594000044 ], [ -50.176991058999903, 0.363421971000037 ], [ -50.17763494, 0.375581399000055 ], [ -50.172737632999898, 0.397642979000068 ], [ -50.077434392, 0.463443329000029 ], [ -50.029132325, 0.558605576000048 ], [ -50.041642832, 0.607897794000053 ], [ -50.083641873, 0.640194017000056 ], [ -50.112510766999904, 0.63359700500007 ], [ -50.13348981, 0.619619570000054 ], [ -50.213510029, 0.655974905000051 ], [ -50.227477337, 0.736969167000041 ], [ -50.166141218999897, 0.754426046000049 ], [ -50.153396992, 0.749743392000028 ], [ -50.09414604499991, 0.77103187900002 ], [ -50.011201023999902, 0.864276709000023 ], [ -50.003232259999898, 0.867224463000071 ], [ -49.986134805999903, 0.883345102000021 ], [ -50.002473531, 0.906412696000075 ], [ -49.989237994, 0.938896902000067 ], [ -49.941023044, 0.962853825000025 ], [ -49.887606987, 1.02293409800006 ], [ -49.885779199, 1.03481125100006 ], [ -49.88548185, 1.17372077600004 ], [ -49.900313477999909, 1.21286817400005 ], [ -49.901625017999905, 1.24029336400002 ], [ -49.899855703, 1.30260010000006 ], [ -49.896276674, 1.31122102700004 ], [ -49.880672188999903, 1.37548959100008 ], [ -49.883628723, 1.50895887800004 ], [ -49.899857943, 1.59582986600003 ], [ -49.929222325999902, 1.69927147200002 ], [ -49.942767765, 1.70988997700005 ], [ -50.092245234, 1.78209076800005 ], [ -50.176900965999906, 1.81355542900008 ], [ -50.289694125, 1.80787367800002 ], [ -50.324614062, 1.81538103600008 ], [ -50.40046434, 1.80026498800004 ], [ -50.466712209, 1.83101383800005 ], [ -50.50737523, 1.88451032600005 ], [ -50.5356185529999, 1.94170706500006 ], [ -50.582660147999903, 1.98963261400007 ], [ -50.600649419, 2.06856589700004 ], [ -50.663016522, 2.12450699200002 ], [ -50.674798705999898, 2.13094339400004 ], [ -50.682597971, 2.15625630100004 ], [ -50.680769685, 2.16708624300003 ], [ -50.712601898999907, 2.23284653500002 ], [ -50.725274325, 2.25271088500006 ], [ -50.724854243, 2.26102635800004 ], [ -50.7264375459999, 2.29446549000005 ], [ -50.731220948, 2.30077902100004 ], [ -50.738261198, 2.30712672100003 ], [ -50.768817698, 2.41464810900004 ], [ -50.766718110999904, 2.43651414700003 ], [ -50.801827116, 2.50264649800005 ], [ -50.810627806999896, 2.50283117200007 ], [ -50.826415375, 2.519366571000031 ], [ -50.823559474, 2.52763144700003 ], [ -50.844331111, 2.60098430800002 ], [ -50.854047291, 2.64379951000006 ], [ -50.873642425, 2.683145803000059 ], [ -50.886218149999898, 2.71059137100002 ], [ -50.890543035999897, 2.74912597600007 ], [ -50.896613272, 2.75368058900006 ], [ -50.902303521, 2.75746044700003 ], [ -50.915954843, 2.79659664000008 ], [ -50.94763255, 2.82706592800002 ], [ -50.950151271, 2.880823274000019 ], [ -50.99194169, 2.96639025700006 ], [ -50.992300542999899, 2.97565044100003 ], [ -51.0151141979999, 3.03709877600005 ], [ -51.0218551849999, 3.059440934000071 ], [ -51.014452445, 3.08105005400006 ], [ -51.043490769999899, 3.14391470700002 ], [ -51.034770224999903, 3.21973260200002 ], [ -51.043583811, 3.24060261900007 ], [ -51.105390578, 3.42576632200007 ], [ -51.108562585999898, 3.45519936700003 ], [ -51.08714306400001, 3.49985051300007 ], [ -51.086863523, 3.61001522500004 ], [ -51.086395793, 3.83530947000003 ], [ -51.083030941999901, 3.894951190000029 ], [ -51.103933309, 3.91226259100006 ], [ -51.150837313, 3.91381920800006 ], [ -51.17929731800001, 3.924878708000049 ], [ -51.181723513999899, 4.03565454000005 ], [ -51.206620638999894, 4.12755941800003 ], [ -51.215801034, 4.14333518900003 ], [ -51.29718673, 4.26123391400006 ], [ -51.399880503, 4.368603262000021 ], [ -51.407488455, 4.37262904200003 ], [ -51.508673082, 4.44713886400007 ], [ -51.637634878, 4.508817070000021 ], [ -51.669368071, 4.45383944800005 ], [ -51.663784086, 4.423516565000061 ], [ -51.679184248999903, 4.36609376900003 ], [ -51.669230619, 4.30977953100006 ], [ -51.618911270999902, 4.20982246500006 ], [ -51.636856356, 4.15725812800002 ], [ -51.659547489, 4.04981882700002 ], [ -51.667427908, 4.04406165400007 ], [ -51.775768441, 3.976470685000041 ], [ -51.79155209, 3.901058848000051 ], [ -51.875926455999902, 3.802735218000069 ], [ -51.883824946999901, 3.80172123900007 ], [ -51.89390443, 3.797143591000069 ], [ -51.904756354, 3.79697624900007 ], [ -51.898096182, 3.78384732100005 ], [ -51.920612821, 3.77553952800002 ], [ -51.9196009, 3.75000804200005 ], [ -51.92798126400001, 3.72225858200005 ], [ -51.934693373, 3.719891435000021 ], [ -51.95562563, 3.72053740300004 ], [ -51.958391677999899, 3.71294959800002 ], [ -51.974762575999897, 3.69510088900006 ], [ -51.989407786999898, 3.635443404000059 ], [ -52.064099816999899, 3.51812158100006 ], [ -52.071054182999902, 3.51758714900006 ], [ -52.080152317999897, 3.49230295600006 ], [ -52.190676552, 3.30439562200007 ], [ -52.243538978999901, 3.23776562100005 ], [ -52.256426092, 3.25219246900002 ], [ -52.292863929, 3.22192149800003 ], [ -52.300696621, 3.17362635800004 ], [ -52.329380299, 3.16624640500004 ], [ -52.340262969, 3.14419887000003 ], [ -52.333359882, 3.13496779800005 ], [ -52.350244716, 3.13202829200003 ], [ -52.340522711999903, 3.11423208100007 ], [ -52.339575129, 3.09053018000003 ], [ -52.334254836, 3.08677345300003 ], [ -52.328268583999908, 3.070507002000061 ], [ -52.371357961999905, 2.99019174200004 ], [ -52.395554031, 2.92961498300002 ], [ -52.383408486, 2.91821904800003 ], [ -52.376815967, 2.91858624300005 ], [ -52.398519442999898, 2.89704636300007 ], [ -52.423331821, 2.88715613200003 ], [ -52.478402931999909, 2.77922133700002 ], [ -52.486212517, 2.73930188600002 ], [ -52.48903473, 2.73267812200004 ], [ -52.535215004, 2.65146280700003 ], [ -52.551600272, 2.64419185900005 ], [ -52.552204442999901, 2.63246582100004 ], [ -52.545492889999906, 2.630871638000031 ], [ -52.550086332, 2.61193203300007 ], [ -52.527988078, 2.58610068700006 ], [ -52.538000575, 2.56294980600006 ], [ -52.561037414999902, 2.54818134500005 ], [ -52.551825825, 2.52334648300007 ], [ -52.598398582999906, 2.47543460700007 ], [ -52.618904141, 2.47426106400007 ], [ -52.61719808, 2.45981068900005 ], [ -52.615424151, 2.44863865200006 ], [ -52.636719093999901, 2.43974376700004 ], [ -52.645675841999903, 2.430664051000059 ], [ -52.6659325749999, 2.373513338000071 ], [ -52.716359618, 2.35182115900005 ], [ -52.723862288, 2.34109312800007 ], [ -52.842729926999901, 2.28717634400004 ], [ -52.839708746, 2.28089028700003 ], [ -52.852863672, 2.27895360400004 ], [ -52.857113596, 2.27400300700003 ], [ -52.85391598, 2.26461187100006 ], [ -52.8682983859999, 2.25904310200002 ], [ -52.885553769999902, 2.23200964900002 ], [ -52.902935799, 2.19244119400003 ], [ -52.935351511, 2.19359474400005 ], [ -52.947934145, 2.17699993500003 ], [ -52.989346108999904, 2.172478933000039 ], [ -53.066792485, 2.20108700700007 ], [ -53.079548590999899, 2.21047186600003 ], [ -53.177963384, 2.20314931900003 ], [ -53.228542688999894, 2.197758999000031 ], [ -53.24276851, 2.20757775600003 ], [ -53.265522818, 2.18879006400005 ], [ -53.283995661999896, 2.18897900100006 ], [ -53.276300063999898, 2.225151272000061 ], [ -53.260743067, 2.23584299300006 ], [ -53.259744672999901, 2.25293072000005 ], [ -53.246161910999902, 2.25222922900002 ], [ -53.230771107999892, 2.26888605500005 ], [ -53.262071149, 2.27634108200004 ], [ -53.271797277, 2.29675576200003 ], [ -53.316463379, 2.33013099000004 ], [ -53.316987353999899, 2.33980265900004 ], [ -53.355356088, 2.35284464200004 ], [ -53.36763203, 2.32064538000003 ], [ -53.440380972, 2.28029675000005 ], [ -53.467527098999902, 2.289921824000031 ], [ -53.454435691, 2.27005807200004 ], [ -53.473077169, 2.25673896600006 ], [ -53.516657446, 2.26543119600007 ], [ -53.551271882, 2.26085110600008 ], [ -53.587830351, 2.27325953300004 ], [ -53.606877406, 2.28506466100004 ], [ -53.621272113, 2.28024752300007 ], [ -53.656970263999902, 2.28930898400006 ], [ -53.653325128999903, 2.30242014700002 ], [ -53.682212432, 2.30119248800003 ], [ -53.686159754999899, 2.294586227000019 ], [ -53.699353066, 2.31182318600003 ], [ -53.7076617, 2.30909652000003 ], [ -53.749214282, 2.31597212900004 ], [ -53.740662703999902, 2.32493629100003 ], [ -53.723466195999897, 2.35407015900006 ], [ -53.751525184999899, 2.36503798400003 ], [ -53.74096920400001, 2.36930818200005 ], [ -53.770824434, 2.378284621000029 ], [ -53.812942587, 2.34846818400007 ], [ -53.837047428999909, 2.33360002700005 ], [ -53.820633809, 2.32965865600005 ], [ -53.814852725, 2.31701866900005 ], [ -53.843883844999901, 2.309279104000041 ], [ -53.859580988999902, 2.32000097400004 ], [ -53.865910195, 2.31158475800004 ], [ -53.883916781, 2.31633693400005 ], [ -53.892631888, 2.28379074700007 ], [ -53.904830998, 2.28069418900003 ], [ -53.916356705999902, 2.277236647000049 ], [ -53.918747261, 2.29232055800003 ], [ -53.940162291, 2.290740802000069 ], [ -53.935688297999903, 2.25939738100004 ], [ -53.945747129, 2.24103661100003 ], [ -53.967188264, 2.243070250000069 ], [ -53.972411646, 2.23357278500004 ], [ -54.001241568, 2.22998997500002 ], [ -54.189079119, 2.17882749300003 ], [ -54.43657916, 2.20988666100004 ], [ -54.601693133, 2.33716606500008 ], [ -54.662249132999897, 2.32698702700003 ], [ -54.692086783, 2.361396274000069 ], [ -54.684918782999901, 2.44682376100008 ], [ -54.744032434, 2.47148616600003 ], [ -54.797393869, 2.43901713100007 ], [ -54.872250929, 2.43374658600004 ], [ -54.935421747, 2.51858544000004 ], [ -54.954306695999897, 2.58369242300006 ], [ -55.008703912, 2.58750032000006 ], [ -55.1030864049999, 2.52573594700004 ], [ -55.123473167, 2.56772027800002 ], [ -55.172865816999902, 2.55943874800005 ], [ -55.234806139999897, 2.50347525800004 ], [ -55.320255599999903, 2.51546330200006 ], [ -55.35622602, 2.47565299800004 ], [ -55.345643209999899, 2.44808228600004 ], [ -55.385398726999902, 2.41845430300003 ], [ -55.429449910999899, 2.43896612200007 ], [ -55.508643481999989, 2.43834042100002 ], [ -55.570675222, 2.42360959300004 ], [ -55.574701789, 2.43784491700006 ], [ -55.642261971, 2.41606095400005 ], [ -55.699762221999904, 2.41766490200007 ], [ -55.717956049, 2.40209848500007 ], [ -55.752837055, 2.41777966900003 ], [ -55.767535928, 2.43796232900007 ], [ -55.766704495999903, 2.45532963100004 ], [ -55.838895067, 2.46226856900006 ], [ -55.88200882, 2.49396454600003 ], [ -55.906729662, 2.519495182000071 ], [ -55.924504423, 2.51869432500007 ], [ -55.924234256, 2.530634501000069 ], [ -55.978313875, 2.52742193900002 ], [ -55.992954913999903, 2.50463978600004 ], [ -55.977564812, 2.489701453000071 ], [ -56.008478927999903, 2.45444611300007 ], [ -56.009013336999907, 2.44440771800004 ], [ -55.985452032, 2.42937187300004 ], [ -56.040043242, 2.366362530000059 ], [ -56.022592769, 2.34753330000007 ], [ -56.029645043999892, 2.33252285400005 ], [ -56.059205248, 2.34303574800003 ], [ -56.073954336, 2.37090853200004 ], [ -56.089981075, 2.36829596100006 ], [ -56.093840106, 2.32125886400007 ], [ -56.112726682, 2.30743050400002 ], [ -56.137126381, 2.27080829100004 ], [ -56.104014174, 2.24554948800005 ], [ -56.096095329, 2.24147415800007 ], [ -56.085478607, 2.24689476700007 ], [ -56.0739488299999, 2.23729882700007 ], [ -56.065145733999891, 2.24172531700003 ], [ -56.03617352, 2.21683064500007 ], [ -56.051474872, 2.19232517900002 ], [ -56.045898764, 2.17721530400007 ], [ -55.995761533999904, 2.16126284100005 ], [ -55.986734076999909, 2.14587826400003 ], [ -55.991424982, 2.13140752800007 ], [ -55.975596886999909, 2.12605932700006 ], [ -55.966893024999898, 2.08851474100004 ], [ -55.94320593, 2.08569456000004 ], [ -55.929171749, 2.07872066800007 ], [ -55.929120893999901, 2.057464075000039 ], [ -55.903178427999904, 2.04116445500006 ], [ -55.912560647, 1.99395212100006 ], [ -55.935205994999905, 1.99659004400007 ], [ -55.923059382, 1.94701191000007 ], [ -55.929619333999902, 1.93932709500007 ], [ -55.9015126789999, 1.89679529900008 ], [ -55.9564535, 1.84517815900006 ], [ -55.979421971, 1.84202538900007 ], [ -56.004175088, 1.83380816900006 ], [ -56.059007294, 1.850752866000051 ], [ -56.081428189, 1.84597185100006 ], [ -56.095902405999901, 1.84923629300005 ], [ -56.131258853, 1.862822287000031 ], [ -56.132625541, 1.86996915900005 ], [ -56.160343, 1.89151314300005 ], [ -56.17070589, 1.89124529600002 ], [ -56.168925601, 1.89794042500006 ], [ -56.209034072, 1.89443188100006 ], [ -56.215098231, 1.90212439000004 ], [ -56.235926584, 1.89390018500006 ], [ -56.248706328, 1.87961291000005 ], [ -56.255955802, 1.88431970700003 ], [ -56.348346309, 1.93918012300003 ], [ -56.3582915329999, 1.94153544700004 ], [ -56.388705843, 1.93295285600004 ], [ -56.397068589, 1.92336680600005 ], [ -56.40367571799991, 1.93033568600003 ], [ -56.419846481, 1.93793861900002 ], [ -56.454237774, 1.95242576900006 ], [ -56.482932092999903, 1.95415249500007 ], [ -56.509793663, 1.93272131000003 ], [ -56.579843136, 1.90596065900007 ], [ -56.604092932999905, 1.93609295300007 ], [ -56.630015199, 1.94252203200006 ], [ -56.662311781, 1.91520712000005 ], [ -56.6792356509999, 1.92100012700007 ], [ -56.682432849999905, 1.91240496200004 ], [ -56.72287783, 1.92209430100007 ], [ -56.766260261999903, 1.88030239200003 ], [ -56.798015478, 1.85343584000003 ], [ -56.798935581, 1.87261733900004 ], [ -56.849236848, 1.89207300300006 ], [ -56.899904479, 1.90401837400003 ], [ -56.925208052999899, 1.92690987000003 ], [ -56.932209117, 1.92645702800007 ], [ -56.940433814, 1.92148168800003 ], [ -56.968288097, 1.91668726400007 ], [ -56.976184058999891, 1.90302617000003 ], [ -57.014294721999903, 1.91496919900004 ], [ -57.034715432, 1.94862457000005 ], [ -57.064019234999897, 1.956042336000051 ], [ -57.081655219, 2.01891905000002 ], [ -57.090512472999897, 2.02543296100004 ], [ -57.100179934, 2.01882768600007 ], [ -57.116682741, 2.02796525600007 ], [ -57.116407078999906, 2.014936116000059 ], [ -57.147546878, 1.98914971100004 ], [ -57.179180645, 1.99023105300006 ], [ -57.194267682, 1.97837851600002 ], [ -57.230158834, 1.94562299600005 ], [ -57.229318576, 1.93766174700005 ], [ -57.257598953, 1.95475697200004 ], [ -57.273519345999901, 1.97420555100007 ], [ -57.267903711, 1.97990663800005 ], [ -57.307208105, 1.99672702400005 ], [ -57.318881389999909, 1.97727337000003 ], [ -57.351821558, 1.97636187600006 ], [ -57.354317806, 1.96116346100007 ], [ -57.368240055999905, 1.95220312800006 ], [ -57.356764278999897, 1.94433565300005 ], [ -57.375820996999906, 1.92234800300002 ], [ -57.39585104, 1.92406039200006 ], [ -57.420069637, 1.90903704200002 ], [ -57.42779225000001, 1.90948650900003 ], [ -57.436211109999896, 1.88062464300003 ], [ -57.429322231, 1.87393361200003 ], [ -57.444124218, 1.83665442400007 ], [ -57.437794993999908, 1.83005235500002 ], [ -57.460743599, 1.80326799200003 ], [ -57.499855436, 1.78887201000003 ], [ -57.4998475149999, 1.76127915900003 ], [ -57.5167976769999, 1.73178173400004 ], [ -57.514319185, 1.72309736600005 ], [ -57.531931309999898, 1.72155453500005 ], [ -57.54032494699991, 1.71693818300002 ], [ -57.535243571, 1.70418342700003 ], [ -57.577187292, 1.69042048600005 ], [ -57.581826685999893, 1.70616032300006 ], [ -57.6148789229999, 1.69565563300006 ], [ -57.63654831, 1.69067258000007 ], [ -57.650515035999902, 1.68243600200003 ], [ -57.672489146, 1.71092717100004 ], [ -57.689631259999906, 1.70856663900003 ], [ -57.705185535999902, 1.73099810600007 ], [ -57.718492577999903, 1.71552193400004 ], [ -57.719739101, 1.72293856700003 ], [ -57.766821737, 1.72265076600007 ], [ -57.777105214999892, 1.72825585000004 ], [ -57.780466724, 1.71929742400005 ], [ -57.792353518, 1.72671025100004 ], [ -57.798433486, 1.69712644400005 ], [ -57.8030732779999, 1.68455002700006 ], [ -57.84426782, 1.68896424500002 ], [ -57.85215309599991, 1.66788402400005 ], [ -57.877216257, 1.68035657100006 ], [ -57.884744474999891, 1.66976863400004 ], [ -57.899773384, 1.67112012700005 ], [ -57.920826651, 1.64668504700006 ], [ -57.990191255, 1.65850148000004 ], [ -58.002713225, 1.64574041400004 ], [ -57.980409178999892, 1.63326842000004 ], [ -57.980438739, 1.56904328200005 ], [ -57.994408925, 1.55320616500006 ], [ -57.990376527, 1.54063310200007 ], [ -58.001326763, 1.52823492800007 ], [ -58.008993302, 1.50498400300006 ], [ -58.061025963, 1.52540175600006 ], [ -58.076548263999896, 1.50775575500006 ], [ -58.085048887, 1.50802210500007 ], [ -58.097687611, 1.51398604600007 ], [ -58.129524703999898, 1.49895383700004 ], [ -58.146161569999897, 1.51540798800005 ], [ -58.160743356, 1.56017380900005 ], [ -58.194829881, 1.56956267200007 ], [ -58.236103436, 1.54674529200003 ], [ -58.257329588999902, 1.56916446400004 ], [ -58.288266269, 1.57249191900007 ], [ -58.302081728, 1.56479620200003 ], [ -58.3176061509999, 1.57582016200007 ], [ -58.314435652, 1.59400154100007 ], [ -58.3296318229999, 1.59345011300007 ], [ -58.345907304, 1.56440616900005 ], [ -58.361939881, 1.55119026600005 ], [ -58.363189147, 1.53807371400006 ], [ -58.38963974, 1.53543409800005 ], [ -58.393832752, 1.51996489800007 ], [ -58.384502074, 1.51409214200004 ], [ -58.392770454999905, 1.50160571100002 ], [ -58.37185586, 1.48162854000003 ], [ -58.396825025999895, 1.47076039400002 ], [ -58.439495881, 1.46449395600007 ], [ -58.44435966, 1.45653092400005 ], [ -58.465076601, 1.46628587000004 ], [ -58.488438468, 1.46210883500004 ], [ -58.49352789200001, 1.46825640300005 ], [ -58.508829712, 1.46300005200004 ], [ -58.503273991, 1.42492906700005 ], [ -58.500720471, 1.40132375800005 ], [ -58.47974436899991, 1.39021406600006 ], [ -58.479444981, 1.37818463500003 ], [ -58.461109534999906, 1.36707155000005 ], [ -58.473327023, 1.34092566600003 ], [ -58.478053121, 1.30574113800003 ], [ -58.493549308, 1.28782425600002 ], [ -58.494497111, 1.27073046200007 ], [ -58.514109456, 1.27379388400004 ], [ -58.519104388999892, 1.25823430500003 ], [ -58.529936329, 1.27070891400007 ], [ -58.536054775, 1.26573073000003 ], [ -58.546884205, 1.29186188600005 ], [ -58.56965940500001, 1.29021985500003 ], [ -58.585496797, 1.26217465300005 ], [ -58.63327437600001, 1.28909575100005 ], [ -58.669389763, 1.28129231500003 ], [ -58.686613753, 1.29493852700006 ], [ -58.694668331999893, 1.29737337600005 ], [ -58.713556087, 1.27800705600004 ], [ -58.725221851999898, 1.21876840000004 ], [ -58.739663397, 1.19994973200005 ], [ -58.75466689, 1.20518419200005 ], [ -58.776332784, 1.18545634000003 ], [ -58.791608095999898, 1.19051082400006 ], [ -58.804390827, 1.17883713300006 ], [ -58.821332281, 1.17104877900005 ], [ -58.826886777, 1.18714097200007 ], [ -58.849662464999909, 1.18161046500006 ], [ -58.859387978, 1.20411843000005 ], [ -58.891887852000011, 1.23077220200003 ], [ -58.909384076, 1.23574163900003 ], [ -58.887993739, 1.26240962600002 ], [ -58.902160796, 1.27990832100005 ], [ -58.918533712999903, 1.28490912900003 ], [ -58.916607206, 1.31546502300006 ], [ -58.981612342999902, 1.30463163800005 ], [ -58.997998536, 1.32546527200003 ], [ -59.038835757, 1.32435531500005 ], [ -59.054105870999898, 1.32657625000007 ], [ -59.06633728, 1.33546934900005 ], [ -59.070224174, 1.32963390500004 ], [ -59.0988343, 1.34741118600004 ], [ -59.123001934999891, 1.34602635100003 ], [ -59.152724253, 1.34880169800005 ], [ -59.163555808999902, 1.35907356200005 ], [ -59.205224111999904, 1.37602382600005 ], [ -59.257445972, 1.39519262600004 ], [ -59.277440294, 1.40796314500005 ], [ -59.291336503, 1.45657869500008 ], [ -59.31049912, 1.46602636100005 ], [ -59.324944809, 1.46129970100003 ], [ -59.330225274999989, 1.50851659500006 ], [ -59.352443513, 1.51713565700004 ], [ -59.36216988, 1.50380178400007 ], [ -59.379108674999905, 1.50768476900004 ], [ -59.396059180999906, 1.55518582400003 ], [ -59.4230030209999, 1.55574685900007 ], [ -59.427447806000011, 1.57908212500007 ], [ -59.449939846999897, 1.61963532700003 ], [ -59.483004772, 1.62657762500004 ], [ -59.493553962999989, 1.66213583600006 ], [ -59.498277074, 1.67713078800006 ], [ -59.512162783, 1.67130172300006 ], [ -59.548282151, 1.727685295000071 ], [ -59.560498837999894, 1.72963155700006 ], [ -59.581338853, 1.73157475600004 ], [ -59.586610346, 1.72713268700005 ], [ -59.6080023439999, 1.72240743200007 ], [ -59.617446538, 1.71518664100006 ], [ -59.632998889, 1.74101837300003 ], [ -59.663004127, 1.73685071200003 ], [ -59.668561167, 1.75574353300004 ], [ -59.691613576999899, 1.76185573900005 ], [ -59.677447512, 1.80796974600003 ], [ -59.655779533, 1.81962892000007 ], [ -59.649949703999908, 1.84352423800004 ], [ -59.66300445400001, 1.86435338300004 ], [ -59.676333757999899, 1.83935545800006 ], [ -59.703559102, 1.85462866900002 ], [ -59.746056599, 1.85185549900007 ], [ -59.754671001, 1.91074125600005 ], [ -59.737166558, 1.96268682000004 ], [ -59.738662089999899, 1.97769839500006 ], [ -59.736151381, 2.01113345100003 ], [ -59.733681030999897, 2.01837855400004 ], [ -59.725895764, 2.02886248700003 ], [ -59.739469782999905, 2.07551096500003 ], [ -59.737183178, 2.08234960700003 ], [ -59.721978454999899, 2.11434027500007 ], [ -59.740482659999898, 2.16853806900002 ], [ -59.729307319, 2.21993031000005 ], [ -59.721445882999902, 2.249123249000041 ], [ -59.72557225100001, 2.27078071900007 ], [ -59.739105529, 2.291924179000031 ], [ -59.777827784999907, 2.288751281000029 ], [ -59.787376143999893, 2.284622931000059 ], [ -59.83257315, 2.32834266900005 ], [ -59.844367983, 2.32095099000003 ], [ -59.875418741, 2.35981649700005 ], [ -59.886855679999904, 2.35499260700004 ], [ -59.909131865999903, 2.390153681000069 ], [ -59.896848265999893, 2.41499840100005 ], [ -59.8983837379999, 2.42260596300002 ], [ -59.894437771, 2.43046304500007 ], [ -59.898034767, 2.445952106000051 ], [ -59.901327707, 2.48308921000006 ], [ -59.91921729099991, 2.51501341600004 ], [ -59.937154387, 2.55647114100003 ], [ -59.929232751, 2.56802207200008 ], [ -59.972505124, 2.59890598300007 ], [ -59.961862126, 2.61342216500003 ], [ -59.975960964, 2.646136627000029 ], [ -59.97908930700001, 2.67401323700005 ], [ -59.990069839999897, 2.69106211200005 ], [ -59.9874932, 2.84720647100005 ], [ -59.984992085, 2.87710028200007 ], [ -59.979616001999901, 2.904572893000021 ], [ -59.983988971, 2.93038039600003 ], [ -59.95986895, 2.95336402100003 ], [ -59.9578103119999, 2.98201625300004 ], [ -59.95009455400001, 3.00564527000006 ], [ -59.959671146999902, 3.02426941700003 ], [ -59.953317233999897, 3.066280169000041 ], [ -59.956058197999909, 3.081062279000041 ], [ -59.937609457999898, 3.091471903000071 ], [ -59.938846245, 3.09992328000004 ], [ -59.917614735, 3.11868121700007 ], [ -59.913079849, 3.10992064200002 ], [ -59.911320663, 3.12616979600006 ], [ -59.919469916, 3.13207974200003 ], [ -59.915553422999906, 3.13898513600003 ], [ -59.909266423, 3.148982498000069 ], [ -59.900196651, 3.15269285900007 ], [ -59.909678685, 3.202885798000069 ], [ -59.904158627999905, 3.21550429400003 ], [ -59.874842518, 3.224632636000021 ], [ -59.887581214, 3.23894923800003 ], [ -59.870025164, 3.27850323100006 ], [ -59.856911006, 3.28431999500003 ], [ -59.829340112, 3.32964486300006 ], [ -59.83033015800001, 3.35549603100003 ], [ -59.804806904, 3.358210521000051 ], [ -59.821616855999906, 3.41632080400007 ], [ -59.810801968, 3.426073902000041 ], [ -59.841236933999902, 3.42514172400007 ], [ -59.823803231999896, 3.47112507700007 ], [ -59.810412148999902, 3.46996289100002 ], [ -59.826988821, 3.48050966500006 ], [ -59.802409692, 3.49813012900006 ], [ -59.821305361, 3.52249003000003 ], [ -59.839458721, 3.53190063900007 ], [ -59.848609893999907, 3.55479078400003 ], [ -59.872410625, 3.56256106900003 ], [ -59.858943161, 3.57330552600007 ], [ -59.86380886500001, 3.57930629800006 ], [ -59.847449535999907, 3.60516329700005 ], [ -59.818111815, 3.610372419000039 ], [ -59.815196114999907, 3.620327085000039 ], [ -59.778696098, 3.62370171900005 ], [ -59.771304695, 3.626533719000069 ], [ -59.764383333999909, 3.62623994300003 ], [ -59.768789973, 3.63231523000007 ], [ -59.758378552999893, 3.63975363700007 ], [ -59.731715449, 3.66285617700004 ], [ -59.69811935, 3.68848646100002 ], [ -59.667623749, 3.707525553000041 ], [ -59.662899873999905, 3.71727960200008 ], [ -59.67137932299989, 3.72616462300005 ], [ -59.668096115, 3.74036400700004 ], [ -59.678679038, 3.75906809600002 ], [ -59.6543063559999, 3.78601849900002 ], [ -59.640888988, 3.78446525700002 ], [ -59.636196115, 3.79106400700005 ], [ -59.627095723, 3.798380014000029 ], [ -59.625016028999909, 3.79067237300006 ], [ -59.610121574999901, 3.80440954600004 ], [ -59.601380457999909, 3.795486666000039 ], [ -59.598796115, 3.81306400700004 ], [ -59.585401893, 3.823345881000019 ], [ -59.581650978, 3.81658762500007 ], [ -59.578114873999908, 3.82901356200006 ], [ -59.593515103999906, 3.861515979000051 ], [ -59.586769572, 3.88879597600004 ], [ -59.575504104999901, 3.89013529100004 ], [ -59.568151268, 3.89882499300006 ], [ -59.5619380219999, 3.92060527500007 ], [ -59.541547588999897, 3.92303428100007 ], [ -59.535830335999904, 3.92838800900006 ], [ -59.529617367, 3.92524847700003 ], [ -59.517538432, 3.946894724000061 ], [ -59.531957078999902, 3.969531880000031 ], [ -59.556171198, 3.979314522000041 ], [ -59.566151605, 3.96944978200003 ], [ -59.581568359, 3.96797915900004 ], [ -59.582097121999901, 3.981165193000041 ], [ -59.575785010999908, 3.98496567900003 ], [ -59.584640266, 4.00262182900002 ], [ -59.589275012, 3.994530768000061 ], [ -59.59319672, 3.99950989200005 ], [ -59.593647295, 4.01487385200005 ], [ -59.601083027999898, 4.01710457200005 ], [ -59.608353522999899, 4.031976039000031 ], [ -59.619622791, 4.04314616300007 ], [ -59.617739071, 4.04965656100006 ], [ -59.654554214, 4.06998089900003 ], [ -59.624396115, 4.135064007000041 ], [ -59.697181808, 4.154199160000081 ], [ -59.702304274, 4.160260489000051 ], [ -59.721765615, 4.17138651300007 ], [ -59.736300447, 4.219417336000049 ], [ -59.7334607559999, 4.24343879700007 ], [ -59.710685282, 4.26876419800004 ], [ -59.72334463, 4.27064574600007 ], [ -59.734151163, 4.273548660000069 ], [ -59.712278985999902, 4.30644804600007 ], [ -59.705194247999898, 4.306216234000029 ], [ -59.684636204, 4.339134756000021 ], [ -59.680216565, 4.35591081300004 ], [ -59.674232931999903, 4.37008028800005 ], [ -59.676072935, 4.37945416300005 ], [ -59.710296114999899, 4.39126400700007 ], [ -59.739821083, 4.42251313900005 ], [ -59.756596115, 4.42526400700007 ], [ -59.782716361, 4.44970713700008 ], [ -59.794796114999905, 4.44811726800003 ], [ -59.799396115, 4.46646400700007 ], [ -59.819096115, 4.44756400700004 ], [ -59.827344392, 4.44963926800006 ], [ -59.840396115, 4.45476400700005 ], [ -59.870664156, 4.459878246000071 ], [ -59.865100680999902, 4.473721736000071 ], [ -59.878083642, 4.480277816000069 ], [ -59.900696115, 4.47476400700003 ], [ -59.9118613959999, 4.46166754100005 ], [ -59.914136487, 4.47817285100007 ], [ -59.931196115, 4.48146400700006 ], [ -59.925813548, 4.49000649000004 ], [ -59.973296114999989, 4.50806400700003 ], [ -59.97219611500001, 4.48376400700005 ], [ -60.01209087, 4.49229562800002 ], [ -60.071537179, 4.494466985000031 ], [ -60.068196115, 4.52366400700004 ], [ -60.085996114999901, 4.51706400700004 ], [ -60.087896115, 4.53326400700007 ], [ -60.104996114999899, 4.52406400700005 ], [ -60.099696115, 4.510864007000071 ], [ -60.119396115, 4.50176400700008 ], [ -60.147196115, 4.512064007000049 ], [ -60.161596115, 4.518464007000031 ], [ -60.155696115, 4.55206400700007 ], [ -60.155996114999908, 4.57416400700004 ], [ -60.142396114999897, 4.566564007000071 ], [ -60.135296115, 4.58056400700002 ], [ -60.123796114999898, 4.58086400700006 ], [ -60.129396115, 4.598264007000071 ], [ -60.071696115, 4.61606400700003 ], [ -60.075496115, 4.655364007000059 ], [ -60.026196114999905, 4.70946400700007 ], [ -60.036696115, 4.73016400700004 ], [ -60.025046115, 4.756314007000069 ], [ -60.021896114999898, 4.781064007000051 ], [ -60.035596115, 4.793164007000031 ], [ -60.022564703999898, 4.813435210000021 ], [ -60.025496115, 4.831564007000051 ], [ -60.013396115, 4.84756400700007 ], [ -59.991717682999898, 4.95880487000005 ], [ -59.985505998, 5.01594753400002 ], [ -59.977458498, 5.03856038500004 ], [ -59.973087204, 5.07600955200007 ], [ -60.029064706, 5.10048437500006 ], [ -60.033455084, 5.10510741300004 ], [ -60.037672680999897, 5.11033305500007 ], [ -60.049078288, 5.111725023000081 ], [ -60.064645191999908, 5.13788844500004 ], [ -60.095782605999901, 5.14072682200003 ], [ -60.10939709, 5.198232021000019 ], [ -60.139950595999899, 5.24739405100007 ], [ -60.172447142999907, 5.22655845100007 ], [ -60.193282165, 5.23628932600008 ], [ -60.202171477, 5.266564775000061 ], [ -60.22106565, 5.26878773900006 ], [ -60.267171828, 5.24794818600003 ], [ -60.283284600999899, 5.22906048200002 ], [ -60.306345322, 5.22489315900003 ], [ -60.32828613800001, 5.205453997000061 ], [ -60.33661828, 5.20794955100007 ], [ -60.349956387, 5.20573248600004 ], [ -60.371901064, 5.209061557000039 ], [ -60.385227597, 5.221007733000019 ], [ -60.41800772499991, 5.20572913000007 ], [ -60.419951635, 5.19295582000007 ], [ -60.444122748, 5.182950665000021 ], [ -60.45689944, 5.20267412500004 ], [ -60.466062442, 5.20072958700007 ], [ -60.533846976999904, 5.20461762400004 ], [ -60.558843262, 5.195177203000071 ], [ -60.590504635999899, 5.20739136900005 ], [ -60.594954582999904, 5.21961999400003 ], [ -60.638844752999901, 5.21989737600006 ], [ -60.67549713599989, 5.23184017900007 ], [ -60.728564139999897, 5.21128518900002 ], [ -60.732175313, 5.20573212600004 ], [ -60.701619580999903, 5.194343965000031 ], [ -60.680809817, 5.18858701200003 ], [ -60.668844899, 5.16851039000005 ], [ -60.661228686999898, 5.163729252000049 ], [ -60.651344044, 5.11711768000004 ], [ -60.640904643999903, 5.109760203000059 ], [ -60.643844228, 5.10184184600007 ], [ -60.638283241, 5.05128450900003 ], [ -60.611618966, 5.00612237800004 ], [ -60.594671272, 4.987119356000051 ], [ -60.588564984, 4.94628347800005 ], [ -60.598283369999891, 4.92628520600005 ], [ -60.605232295999897, 4.92489606800007 ], [ -60.639952637, 4.88544701400002 ], [ -60.647731705, 4.884893466000051 ], [ -60.666063838, 4.84434247000007 ], [ -60.713288442, 4.803503115000069 ], [ -60.725366666999911, 4.78594388900007 ], [ -60.721307778, 4.77956277800007 ], [ -60.750127221999897, 4.756584167000031 ], [ -60.808563056, 4.74584416700003 ], [ -60.819898611, 4.72509166700007 ], [ -60.835145278, 4.72188194400007 ], [ -60.85613, 4.703806389000021 ], [ -60.901071944, 4.71670250000005 ], [ -60.922817, 4.661933 ], [ -60.930024999999894, 4.661503 ], [ -60.948167, 4.648479 ], [ -60.945238329999903, 4.63633361000007 ], [ -60.935609, 4.611658 ], [ -60.93798, 4.580985 ], [ -60.956772999999899, 4.576614 ], [ -60.958456, 4.548555 ], [ -60.983066999999899, 4.542366 ], [ -60.997035, 4.528474 ], [ -61.000123889, 4.51673250000005 ], [ -61.006602777999902, 4.51836694400004 ], [ -61.013036666999902, 4.51612361100007 ], [ -61.069545556, 4.51960055600006 ], [ -61.09665805600001, 4.516749722000039 ], [ -61.134446943999897, 4.49315916700004 ], [ -61.144733056, 4.483606389000041 ], [ -61.186927222, 4.51859305600004 ], [ -61.209566944, 4.52367222200007 ], [ -61.215817778, 4.530882222000061 ], [ -61.22204777799989, 4.52211194400007 ], [ -61.25487722, 4.53045083000006 ], [ -61.2676770429999, 4.538871496000069 ], [ -61.276037484, 4.52796767400002 ], [ -61.304241581, 4.540075048000059 ], [ -61.326677678, 4.52660025600005 ], [ -61.32237134199989, 4.51054983600005 ], [ -61.296068600999902, 4.48628446700008 ], [ -61.27912388, 4.47600987100003 ], [ -61.289677373000011, 4.45711950800006 ], [ -61.314404161, 4.451008088000041 ], [ -61.320241204999903, 4.44628589900003 ], [ -61.321347548999903, 4.42962513900005 ], [ -61.360510322, 4.42211479100007 ], [ -61.422175389, 4.43350654300002 ], [ -61.436073026, 4.42489217300005 ], [ -61.445517332, 4.43489669800005 ], [ -61.462456529, 4.431283554000061 ], [ -61.49524107699991, 4.41017555800005 ], [ -61.516349735999903, 4.39961845600004 ], [ -61.52023623199991, 4.34684392100007 ], [ -61.526342557, 4.33850581700005 ], [ -61.510786607999904, 4.31517616700006 ], [ -61.544954689, 4.27017934400004 ], [ -61.567734212999902, 4.25156783200003 ], [ -61.594121435, 4.24628991500003 ], [ -61.614954516, 4.25795501600004 ], [ -61.642457942, 4.23795414700004 ], [ -61.656345507, 4.26045075000008 ], [ -61.720517404, 4.24489213900006 ], [ -61.731068697, 4.254063921000069 ], [ -61.722463218, 4.269063538000071 ], [ -61.773297199999902, 4.24489442400005 ], [ -61.763851033, 4.23545570000005 ], [ -61.785787501, 4.22407086700002 ], [ -61.794684613, 4.22989446800005 ], [ -61.81495657100001, 4.19989816700007 ], [ -61.821906737999903, 4.19961492300007 ], [ -61.818009823999901, 4.17017204000007 ], [ -61.839958752, 4.161847443000059 ], [ -61.858295431, 4.17156612500003 ], [ -61.874126783, 4.16572706600004 ], [ -61.871629439999907, 4.15656975500002 ], [ -61.919400525, 4.156284170000051 ], [ -61.930794006, 4.10322571100005 ], [ -61.977736909, 4.15794808600003 ], [ -61.981904181999894, 4.17628533200002 ], [ -62.031908765, 4.15184009300003 ], [ -62.069962432, 4.15628089400008 ], [ -62.079684245, 4.142671523000051 ], [ -62.072755609999902, 4.124498799000039 ], [ -62.097183711, 4.12739555900004 ], [ -62.111641006, 4.11684394800005 ], [ -62.117461396, 4.10572546800006 ], [ -62.112185144, 4.09239356900002 ], [ -62.143571644, 4.07517232900005 ], [ -62.171623981, 4.09211841100006 ], [ -62.179681479999893, 4.091004641000039 ], [ -62.1941317, 4.10017818200004 ], [ -62.193568755999898, 4.110176188000031 ], [ -62.246352467999905, 4.11767462100005 ], [ -62.256910381999901, 4.12740288100002 ], [ -62.286905856, 4.13601269100008 ], [ -62.292183364, 4.14128851000004 ], [ -62.336352680999902, 4.138786441000039 ], [ -62.361909603999898, 4.16711910800007 ], [ -62.3772046449999, 4.166582886000069 ], [ -62.417740895, 4.18434434700004 ], [ -62.464124040999899, 4.17739902200003 ], [ -62.470796742999902, 4.16295077300003 ], [ -62.456626797, 4.15434250200002 ], [ -62.476351442, 4.13240269500005 ], [ -62.505242321, 4.13795616900006 ], [ -62.506347634, 4.13017027100005 ], [ -62.528296701, 4.13017927000004 ], [ -62.525240186, 4.11545141400006 ], [ -62.550521279, 4.10378821500007 ], [ -62.544683557, 4.09767864500003 ], [ -62.554965519999897, 4.077953062000061 ], [ -62.541076013999891, 4.077958106000039 ], [ -62.535519057, 4.04545734700002 ], [ -62.561625292, 4.037678827000041 ], [ -62.555791961, 4.01823226400006 ], [ -62.578855608, 4.017392148000061 ], [ -62.609685423, 4.044061074000069 ], [ -62.656347688, 4.041843895000061 ], [ -62.675243528999907, 4.03684160200004 ], [ -62.722460584, 4.03517837200008 ], [ -62.733855865999892, 4.039624421000041 ], [ -62.753578933, 4.03128900900003 ], [ -62.74968577100001, 4.022676298000019 ], [ -62.768852878, 4.00628295200005 ], [ -62.758022287, 3.981286816000019 ], [ -62.745518698999909, 3.976563445000071 ], [ -62.764689429, 3.939896876000029 ], [ -62.786072157, 3.926837804000062 ], [ -62.783296277, 3.88795453200004 ], [ -62.7557936709999, 3.85184559000004 ], [ -62.769681782, 3.83239241300004 ], [ -62.763855336999896, 3.828510377000039 ], [ -62.759127535999895, 3.82323150000002 ], [ -62.729411137999897, 3.80239722700003 ], [ -62.741907117, 3.789899499000061 ], [ -62.733573522, 3.701842157000041 ], [ -62.749401464, 3.67315785700004 ], [ -62.785804195, 3.70215609600007 ], [ -62.790795066, 3.71851330100003 ], [ -62.798020078, 3.72073005100003 ], [ -62.832461442, 3.738506407000051 ], [ -62.903016647, 3.67434395200007 ], [ -62.919966414, 3.67073617000005 ], [ -62.936355820999907, 3.62795199500005 ], [ -62.957952992999907, 3.609151705000039 ], [ -62.996635743, 3.617673942000069 ], [ -63.039134646, 3.66906542500004 ], [ -63.047742973, 3.67267794600002 ], [ -63.079685587, 3.69433868900006 ], [ -63.063022189, 3.70739773800005 ], [ -63.062745075999899, 3.752123915000031 ], [ -63.119408831, 3.803510043000069 ], [ -63.212469626, 3.817949558000069 ], [ -63.214965471, 3.82489769400007 ], [ -63.221631939, 3.830172793000029 ], [ -63.233579095, 3.88156151500004 ], [ -63.20524784899991, 3.948790240000049 ], [ -63.2699650059999, 3.959343458000031 ], [ -63.276910199, 3.955454840000071 ], [ -63.296080941, 3.974622810000029 ], [ -63.313027335, 3.97989715600005 ], [ -63.314689019999911, 3.96128279400006 ], [ -63.3613593749999, 3.96267360200005 ], [ -63.405236644, 3.977950040000049 ], [ -63.4135798309999, 3.97517709500005 ], [ -63.435242726999903, 3.96934672100002 ], [ -63.452190739999907, 3.955450557000061 ], [ -63.438578624999899, 3.94683930700006 ], [ -63.442744956999903, 3.939620605000071 ], [ -63.416354000999902, 3.93267879300004 ], [ -63.411912042, 3.91323113100003 ], [ -63.434408285, 3.87823160300007 ], [ -63.434131032, 3.86711792400007 ], [ -63.469133015999894, 3.861842 ], [ -63.488305260999901, 3.873228878000019 ], [ -63.501912481, 3.86379035300007 ], [ -63.49607563, 3.84267453400003 ], [ -63.553299829, 3.867957086000049 ], [ -63.554686711, 3.89100771500006 ], [ -63.590522376, 3.88462170000003 ], [ -63.58830625, 3.91906582400003 ], [ -63.647750184, 3.99045413800008 ], [ -63.676916853, 4.01906084600006 ], [ -63.68857598200001, 4.01212014400005 ], [ -63.690805881, 3.97906594000005 ], [ -63.700527617, 3.944340563000031 ], [ -63.668859931, 3.91740141700006 ], [ -63.690248251999897, 3.90905754500005 ], [ -63.696914116, 3.913228078000031 ], [ -63.709691635, 3.90795446600004 ], [ -63.739688118999901, 3.91795389400005 ], [ -63.741354209999905, 3.93267090600006 ], [ -63.7710749129999, 3.93850380800006 ], [ -63.828859446, 3.939338935000019 ], [ -63.853023713, 3.94490469600004 ], [ -63.93052561, 3.92128971500006 ], [ -63.93719392299991, 3.91489363400007 ], [ -63.939414154, 3.90017479600004 ], [ -63.959418222, 3.87934235600005 ], [ -63.961359554, 3.869894037000051 ], [ -63.980250521, 3.901005703000071 ], [ -63.996361605999901, 3.90268021700007 ], [ -64.001911483, 3.93295722500005 ], [ -64.035696452, 3.93426118000002 ], [ -64.036084326, 3.94406054600006 ], [ -64.05802836, 3.96628843200006 ], [ -64.098583679999905, 4.028505917000069 ], [ -64.104970298999902, 4.07601195200004 ], [ -64.13330827, 4.10600671500004 ], [ -64.174418918, 4.127396897000041 ], [ -64.184414946999894, 4.11962096400003 ], [ -64.224133391999899, 4.117400550000071 ], [ -64.272193246, 4.13379274100004 ], [ -64.273578785, 4.14072649800005 ], [ -64.296360008, 4.14017570000004 ], [ -64.335515975, 4.129066034000059 ], [ -64.431637232999904, 4.13462382700004 ], [ -64.509697530000011, 4.11184132200003 ], [ -64.521087251, 4.11628342200004 ], [ -64.556916365999896, 4.10545521800003 ], [ -64.609142686, 4.12655816200004 ], [ -64.631086567, 4.14351022800003 ], [ -64.664692985, 4.217947666000041 ], [ -64.684698587999904, 4.23934128000008 ], [ -64.788583274, 4.287119252000021 ], [ -64.82247635, 4.25350350900004 ], [ -64.810527315999906, 4.17461663500006 ], [ -64.732192202, 4.12017566500003 ], [ -64.695253204, 4.05155927300007 ], [ -64.664416381, 3.99962334400004 ], [ -64.597084815, 3.93841558200006 ], [ -64.585721132999893, 3.93212029100005 ], [ -64.552971472, 3.863667605000051 ], [ -64.547412123, 3.85903845900003 ], [ -64.540468066, 3.85462523900003 ], [ -64.534054265999899, 3.84925282600005 ], [ -64.477197429999904, 3.78267543600003 ], [ -64.425525372, 3.77795392000007 ], [ -64.289140399, 3.699621976000061 ], [ -64.267475082, 3.654616307000029 ], [ -64.196250888999899, 3.57889607400006 ], [ -64.18440015, 3.48931451400006 ], [ -64.148601791, 3.439913292000031 ], [ -64.14518477, 3.37814902000002 ], [ -64.132806127, 3.35700217200002 ], [ -64.136353082, 3.35104273000007 ], [ -64.114978035, 3.33491749300003 ], [ -64.11817096, 3.28672758300007 ], [ -64.12947331, 3.27290965500003 ], [ -64.156392683, 3.24854976300003 ], [ -64.156782398, 3.21251388900004 ], [ -64.192955981999901, 3.15909200600004 ], [ -64.205307349999899, 3.15991338300006 ], [ -64.211005445999902, 3.15423077200006 ], [ -64.220292762, 3.15110375600005 ], [ -64.218726111, 3.09605805600006 ], [ -64.174584048, 3.06197784300002 ], [ -64.174755972999904, 3.05063075400005 ], [ -64.148107505, 3.03636092900007 ], [ -64.15223372, 3.00283543700004 ], [ -64.157735338999899, 2.99406723100003 ], [ -64.15223372, 2.98495517500004 ], [ -64.123865995999907, 2.98822176100003 ], [ -64.091543983, 2.93286171800003 ], [ -64.073147944, 2.92289003300004 ], [ -64.069881358, 2.89073994600005 ], [ -64.076242604999905, 2.87028080000005 ], [ -64.052636666999902, 2.85555361100006 ], [ -64.032917353999906, 2.82764325100004 ], [ -64.016839444, 2.80720611100003 ], [ -64.016240571, 2.77761290200004 ], [ -63.996984902999905, 2.76626581200003 ], [ -64.003346151, 2.74722505200003 ], [ -64.002744411, 2.74030504700005 ], [ -63.986416667, 2.72516666700005 ], [ -63.996727015, 2.71077682500004 ], [ -64.008761807, 2.70510328000006 ], [ -63.98907632600001, 2.68210823200008 ], [ -63.991053469999898, 2.64179167900005 ], [ -63.997138889, 2.63236111100002 ], [ -64.011684542, 2.61600283900003 ], [ -64.021527283, 2.59257797600003 ], [ -64.028662195, 2.585700952000019 ], [ -64.034249777, 2.575471379000021 ], [ -64.044823201, 2.57478367600004 ], [ -64.045897736, 2.52054115000004 ], [ -64.05914138, 2.49956622700006 ], [ -64.042034783, 2.49243131400004 ], [ -64.022951042, 2.46475129300006 ], [ -64.000084936999897, 2.47897813600002 ], [ -63.968622551999893, 2.46806086000004 ], [ -63.961916667, 2.47383333300007 ], [ -63.950742289999894, 2.46126979900004 ], [ -63.934373611, 2.45726055600005 ], [ -63.915669468, 2.47180024200003 ], [ -63.880252793999901, 2.47149937200004 ], [ -63.844137673, 2.49421504200006 ], [ -63.782770979, 2.46771700900007 ], [ -63.770306373, 2.44871923100004 ], [ -63.736651937, 2.44609736500007 ], [ -63.73102915, 2.45505183900002 ], [ -63.712088067, 2.44852581400005 ], [ -63.692445568, 2.45776681500007 ], [ -63.682903697, 2.44222903900004 ], [ -63.65292417099991, 2.43941375800006 ], [ -63.638546892, 2.44384084200004 ], [ -63.619527623, 2.445087302000049 ], [ -63.617464516, 2.451061717000071 ], [ -63.607063017, 2.44727935400005 ], [ -63.603581523999893, 2.45716507600002 ], [ -63.555356393, 2.44600065700007 ], [ -63.553443721, 2.43016201100005 ], [ -63.509799578, 2.42585714400002 ], [ -63.487144911, 2.434245244000071 ], [ -63.488434352999903, 2.42719629500004 ], [ -63.480525776, 2.43355754200007 ], [ -63.461785886, 2.40295478500002 ], [ -63.441983056, 2.42512083300005 ], [ -63.428389338, 2.44670985000005 ], [ -63.414678271, 2.454231595000071 ], [ -63.398431301999906, 2.42835679200005 ], [ -63.3840755149999, 2.43067778800003 ], [ -63.366410158999905, 2.41348522800007 ], [ -63.358888414, 2.37677911300005 ], [ -63.376166936999901, 2.34912058200007 ], [ -63.363048611, 2.31806555600002 ], [ -63.366928610999899, 2.26191472200003 ], [ -63.368924571, 2.241495157000029 ], [ -63.378122591, 2.22632272300007 ], [ -63.372089103999897, 2.21186165000006 ], [ -63.395247161, 2.19963081900005 ], [ -63.393855910999903, 2.15683846800005 ], [ -63.421081848, 2.13131904300008 ], [ -63.451358313, 2.12850573300005 ], [ -63.460245506, 2.13655507000004 ], [ -63.474383651, 2.13790849800006 ], [ -63.492466145, 2.11546563200005 ], [ -63.514408209999893, 2.12097695500006 ], [ -63.561906418, 2.13235873800005 ], [ -63.617461853999899, 2.10655519600004 ], [ -63.644966898, 2.06492903400004 ], [ -63.662193348999899, 2.06546547200003 ], [ -63.668021009, 2.01688279900003 ], [ -63.69219393, 2.02320485200005 ], [ -63.693856309999902, 2.04102505500003 ], [ -63.7113529169999, 2.04020450400003 ], [ -63.742747456, 2.00852780800005 ], [ -63.740519263, 1.99966238700006 ], [ -63.768852669999902, 1.99964965100003 ], [ -63.784969601999904, 1.98154827800005 ], [ -63.823857198, 1.99102889200003 ], [ -63.83718540400001, 1.96514895900003 ], [ -63.849411956, 1.97156679700004 ], [ -63.906637328, 1.99152694400004 ], [ -63.914136414, 1.98627545200003 ], [ -63.97552377800001, 1.99130587300004 ], [ -64.033582619999905, 1.94378015400002 ], [ -64.061915593, 1.93073730200007 ], [ -64.06524595, 1.84462034300003 ], [ -64.056084745, 1.84100869500003 ], [ -64.073024233, 1.76628082000002 ], [ -64.078026909, 1.75904161400007 ], [ -64.066352848999898, 1.73073459700004 ], [ -64.06691431, 1.70793978200004 ], [ -64.065248014, 1.67600957600007 ], [ -64.126080375, 1.57765109800005 ], [ -64.153026735, 1.57854041000007 ], [ -64.173854215999896, 1.57102105100006 ], [ -64.180806272, 1.55681491100006 ], [ -64.209131624999898, 1.51383671800005 ], [ -64.215521773, 1.50849453600006 ], [ -64.254133606, 1.50376924500006 ], [ -64.261635918, 1.49987610900007 ], [ -64.267470468999903, 1.48467540700005 ], [ -64.313023315999899, 1.45633744800006 ], [ -64.329137144, 1.41933562500003 ], [ -64.326084078, 1.40188075600003 ], [ -64.341909898, 1.37546129600003 ], [ -64.33802213, 1.36352348400004 ], [ -64.359414770999905, 1.38992184900007 ], [ -64.399972917999904, 1.39487229800005 ], [ -64.388578149999901, 1.43684747900005 ], [ -64.383862907, 1.44327170400004 ], [ -64.377469693, 1.44824907200007 ], [ -64.373585493, 1.47104490800007 ], [ -64.364973738999893, 1.47828599900004 ], [ -64.348857804, 1.50208359500004 ], [ -64.358857675, 1.52043931900005 ], [ -64.368022474, 1.52016087500004 ], [ -64.397467369, 1.52683623600007 ], [ -64.438585468, 1.47181849700007 ], [ -64.4535773059999, 1.48021952600004 ], [ -64.512746594, 1.43875760700007 ], [ -64.528029699999905, 1.44408396400007 ], [ -64.536911679, 1.42155773700006 ], [ -64.545245418, 1.41883908100004 ], [ -64.582746344, 1.37549324100007 ], [ -64.580529504, 1.34736846700002 ], [ -64.639973962999903, 1.31323610600003 ], [ -64.644691823999906, 1.30491176000004 ], [ -64.684695147999918, 1.28381394000007 ], [ -64.701914215, 1.29130884500006 ], [ -64.729139451, 1.23458978100007 ], [ -64.738578972, 1.23159903800007 ], [ -64.746641757, 1.22544501100003 ], [ -64.763861143, 1.23076952000002 ], [ -64.772751813999918, 1.24740272200006 ], [ -64.791361940999906, 1.27754630400005 ], [ -64.803309406, 1.31050066300003 ], [ -64.8230301, 1.27847487000003 ], [ -64.825113734999903, 1.29511158500003 ], [ -64.861638663999898, 1.26931326800008 ], [ -64.852752886, 1.26353241400005 ], [ -64.878585217, 1.22851945200006 ], [ -64.898308148, 1.25264808300005 ], [ -64.912192283, 1.23600089400003 ], [ -64.914415340999895, 1.22795312500006 ], [ -64.935247069999903, 1.21129881200005 ], [ -64.951638241, 1.23154134000004 ], [ -64.969693392, 1.21715164300002 ], [ -64.960803718, 1.18966927600007 ], [ -65.022248985, 1.11494091000003 ], [ -65.061337511, 1.11174936500004 ], [ -65.066082228, 1.14456742000004 ], [ -65.071248099999906, 1.15342381400006 ], [ -65.095248813, 1.15132631200004 ], [ -65.110807469999898, 1.15068153300007 ], [ -65.146281868999907, 1.12588276300005 ], [ -65.155057566, 1.12497280600007 ], [ -65.159005263, 1.03338595800005 ], [ -65.16686061, 1.01132246000003 ], [ -65.14727722, 1.00934600900007 ], [ -65.182477725, 0.922441441000046 ], [ -65.207477212999905, 0.906874335000055 ], [ -65.208867816, 0.928752317000033 ], [ -65.263587598, 0.919586865000042 ], [ -65.269970851, 0.943269458000032 ], [ -65.314143492, 0.93383691300005 ], [ -65.331360241, 0.923520518000032 ], [ -65.356366175999895, 0.884634424000069 ], [ -65.3585810659999, 0.868541441000048 ], [ -65.366083398999905, 0.865734583000062 ], [ -65.397195063, 0.829105213000048 ], [ -65.413031487, 0.81571758900003 ], [ -65.396645572, 0.79050793600004 ], [ -65.400251418, 0.781555725000032 ], [ -65.397470618999904, 0.749920751000047 ], [ -65.413862168, 0.755154239000035 ], [ -65.410534265, 0.73960881000005 ], [ -65.423308747, 0.715738272000067 ], [ -65.423586720999893, 0.707964459000038 ], [ -65.461918561999894, 0.684623914000042 ], [ -65.472199568, 0.682721177000076 ], [ -65.480250107, 0.686873898000044 ], [ -65.513027241000017, 0.67022554600004 ], [ -65.530533095, 0.667956723000032 ], [ -65.540531390999902, 0.648789984000075 ], [ -65.573033146999904, 0.701013562000071 ], [ -65.591367423, 0.721610997000028 ], [ -65.564140848, 0.770161 ], [ -65.544142613, 0.783279847000074 ], [ -65.539697514, 0.796839616000057 ], [ -65.540807271999896, 0.80515426300002 ], [ -65.531085613, 0.805160138000076 ], [ -65.521360567, 0.840145311000072 ], [ -65.500254525999907, 0.842417367000053 ], [ -65.505254933999893, 0.868537930000059 ], [ -65.496139307, 0.889331365000032 ], [ -65.512253315999899, 0.885253267000053 ], [ -65.508361469, 0.915535015000046 ], [ -65.536391191999897, 0.94805373500003 ], [ -65.537226696999895, 0.961067940000021 ], [ -65.541920344999895, 0.975524304000032 ], [ -65.558057743999896, 0.975875545000065 ], [ -65.557778141, 0.993319234000069 ], [ -65.572222129999901, 0.984994182000037 ], [ -65.58555828, 1.00893458100006 ], [ -65.606665146999902, 1.00448846500007 ], [ -65.610276107999894, 1.01424646900006 ], [ -65.627194121999906, 1.00926120900004 ], [ -65.624973747999903, 0.98901902700004 ], [ -65.652754519, 1.01177120800003 ], [ -65.686642753999905, 0.990776422000067 ], [ -65.695529301, 1.00405379000006 ], [ -65.739420896, 0.99959080800005 ], [ -65.77414663, 0.959075349000045 ], [ -65.801645984999894, 0.953541655000038 ], [ -65.809141376999904, 0.94901559300007 ], [ -65.879721042, 0.932694649000041 ], [ -65.879286367, 0.912996290000024 ], [ -65.901147641, 0.883613104000062 ], [ -65.925393234999902, 0.891272077000053 ], [ -65.935811639, 0.870754433000059 ], [ -65.971370291, 0.806034424000075 ], [ -65.993059885, 0.807013033000032 ], [ -66.017260306, 0.800040453000065 ], [ -66.037977408, 0.812038474000076 ], [ -66.074502041, 0.798731136000072 ], [ -66.075833859999918, 0.787256693000074 ], [ -66.076282216, 0.768284350000044 ], [ -66.088529998, 0.759060569000042 ], [ -66.114504145, 0.76337774600006 ], [ -66.132230928, 0.747917563000044 ], [ -66.161091144999901, 0.746361209000042 ], [ -66.188144307999906, 0.778680606000023 ], [ -66.21297293, 0.780647844000043 ], [ -66.318451105, 0.755095381000046 ], [ -66.856933123, 1.23020625300006 ], [ -67.088160238999905, 1.16689670800002 ], [ -67.080413565, 1.40126025500007 ], [ -67.073245917, 1.47292982300007 ], [ -67.086274337, 1.65795287300006 ], [ -67.101360691, 1.70623270300007 ], [ -67.097381573, 1.73260091000003 ], [ -67.139726303, 1.82658941200003 ], [ -67.174333584, 1.85702073700003 ], [ -67.260723380999906, 1.86549393300004 ], [ -67.28676079600001, 1.88859983400005 ], [ -67.33056236, 2.06126594600005 ], [ -67.343486935, 2.20547987000003 ], [ -67.389260807, 2.24401114600005 ], [ -67.430991725999903, 2.24161601600002 ], [ -67.462380816999897, 2.19900521300002 ], [ -67.540107335, 2.15588676200002 ], [ -67.558022588, 2.10608943700004 ], [ -67.590188479999895, 2.07444029600003 ], [ -67.619831544, 2.02367318700004 ], [ -67.697057477, 2.02336959300004 ], [ -67.768975419, 2.03931752300002 ], [ -67.859706746, 1.92017148400004 ], [ -67.902377648, 1.89844502100004 ], [ -67.91298689, 1.89781881700003 ], [ -67.911876522999904, 1.85585633900007 ], [ -67.941294835, 1.83073092100005 ], [ -67.973579483, 1.832750086000031 ], [ -68.043440384, 1.89968969300003 ], [ -68.087526473, 1.90131326100004 ], [ -68.140694740999905, 1.98478239100007 ], [ -68.158583862999905, 1.97767390500007 ], [ -68.166170801, 1.98476701500005 ], [ -68.235541341, 1.93788441100003 ], [ -68.266902612, 1.827336293000031 ], [ -68.233674993, 1.82991452100003 ], [ -68.244954235, 1.79490345900007 ], [ -68.236590711, 1.77252233100006 ], [ -68.187726654, 1.78466049000002 ], [ -68.169532564999898, 1.77066417200007 ], [ -68.179171619, 1.75363445800002 ], [ -68.157468636, 1.74191331500003 ], [ -68.156812666999897, 1.73163529500005 ], [ -69.406193196007493, 1.73275069982291 ], [ -69.416963769658395, 1.7414565963694 ], [ -69.422691583561118, 1.73744141785288 ], [ -69.431663890056612, 1.73865453458477 ], [ -69.440997752911301, 1.74362117720473 ], [ -69.461468503096896, 1.75261727030277 ], [ -69.466482718921995, 1.75700351981964 ], [ -69.472867043056098, 1.74570964091179 ], [ -69.479118162215698, 1.74704169065661 ], [ -69.4809640025764, 1.75395883468863 ], [ -69.516415555070594, 1.76613757521268 ], [ -69.528280312440501, 1.7668892318544 ], [ -69.546567452508697, 1.77609940437571 ], [ -69.574369233611307, 1.75704157838378 ], [ -69.583998050338096, 1.76008626351479 ], [ -69.622020934571907, 1.72956091641612 ], [ -69.633643068595404, 1.72373319878255 ], [ -69.645622001657799, 1.7265685618108 ], [ -69.657596177399498, 1.71916141376551 ], [ -69.663761664789803, 1.72727740256787 ], [ -69.676577886263203, 1.72208240856307 ], [ -69.676301961673204, 1.73212986949542 ], [ -69.738746550782096, 1.73085966491732 ], [ -69.753655993283004, 1.71861432190603 ], [ -69.779507272973504, 1.6987287221441 ], [ -69.786186550979707, 1.69910930778548 ], [ -69.799782973017898, 1.70177340727511 ], [ -69.815272808621899, 1.69618831298791 ], [ -69.821866454858693, 1.69906173458031 ], [ -69.827679900530796, 1.71120241654022 ], [ -69.839078440489999, 1.71497972903088 ], [ -69.847282439721994, 1.71051022640497 ], [ -69.846576604640603, 1.07792896095416 ], [ -69.827963746269219, 1.07528068345998 ], [ -69.809669280524503, 1.06377359935517 ], [ -69.773994323163095, 1.10144131997952 ], [ -69.761558281747696, 1.10821371843704 ], [ -69.731651849621102, 1.11222921132778 ], [ -69.702644408440307, 1.1183123833936 ], [ -69.705491213101595, 1.08019516729641 ], [ -69.670580398043995, 1.07564027983826 ], [ -69.637737262161593, 1.08795645579419 ], [ -69.612715347506594, 1.09877431350731 ], [ -69.560094410818905, 1.07210424878522 ], [ -69.484863828467894, 1.07950702607891 ], [ -69.4669761864035, 1.07688749690631 ], [ -69.432797567675294, 1.06573578700007 ], [ -69.4307296137343, 1.04609344408996 ], [ -69.404748775403903, 1.04858065237303 ], [ -69.377958845222395, 1.08615847390281 ], [ -69.351018361696205, 1.08120348306688 ], [ -69.316108268159098, 1.08268237557948 ], [ -69.288861350913521, 1.05431921124301 ], [ -69.246009449168994, 1.05150237294652 ], [ -69.198052028012299, 0.997459282526752 ], [ -69.218189425195703, 0.973126594263452 ], [ -69.170482972344502, 0.945317807676822 ], [ -69.1664874570303, 0.93848547648959 ], [ -69.189821266465103, 0.932572113824617 ], [ -69.185293848174695, 0.90193400295614 ], [ -69.138905915377194, 0.879179543241936 ], [ -69.143980219826204, 0.847035622539431 ], [ -69.167314029260993, 0.843279838144111 ], [ -69.162679231496497, 0.812754101143845 ], [ -69.1562864069938, 0.808758585829674 ], [ -69.150992349202596, 0.764877838891793 ], [ -69.181198444977696, 0.751412952283036 ], [ -69.185993063354701, 0.729357707748813 ], [ -69.181558041355999, 0.717970489103426 ], [ -69.149793694608306, 0.701249257513621 ], [ -69.115671993825302, 0.64395356790841 ], [ -69.120226881283401, 0.635562985748651 ], [ -69.182457032301699, 0.6542420198424 ], [ -69.2040328149982, 0.630548614029367 ], [ -69.199388028445398, 0.607749204767879 ], [ -69.237398489367905, 0.60127605375941 ], [ -69.258874384181595, 0.606939696717247 ], [ -69.273637813267399, 0.602085145610529 ], [ -69.294724145337995, 0.603513542335345 ], [ -69.288041645974999, 0.630463293129428 ], [ -69.286922901687007, 0.649561856331165 ], [ -69.317848190218697, 0.632101454408238 ], [ -69.333790296322306, 0.6433688075942 ], [ -69.349545945044497, 0.617384639667708 ], [ -69.404217912926697, 0.667628244743407 ], [ -69.406561948577703, 0.675139813534049 ], [ -69.436874591427895, 0.702602322126783 ], [ -69.4395649050727, 0.715414607900892 ], [ -69.459009746268407, 0.723405638529233 ], [ -69.468186113106597, 0.734952677787188 ], [ -69.502257869948195, 0.721201445914249 ], [ -69.532890154023505, 0.69597642589745 ], [ -69.537358680082903, 0.678729534324124 ], [ -69.564148610264397, 0.682485318719445 ], [ -69.597990624975495, 0.652798639935155 ], [ -69.589120580978005, 0.63747583870531 ], [ -69.607679749612302, 0.632541377292309 ], [ -69.609477731503702, 0.617078733026467 ], [ -69.625120173958706, 0.634978641633953 ], [ -69.6271379091923, 0.627946534681012 ], [ -69.650052189519101, 0.663686419166271 ], [ -69.682276020527894, 0.665504378634219 ], [ -69.691325862714507, 0.649097793875405 ], [ -69.704890637206105, 0.648962945233551 ], [ -69.729987294357102, 0.611616461265788 ], [ -69.745529848929195, 0.618195743149781 ], [ -69.801853296474505, 0.573705680126545 ], [ -69.827503360242801, 0.591419339452439 ], [ -69.856350980811101, 0.584773465646536 ], [ -69.859347617296706, 0.577701403540455 ], [ -69.914459091863506, 0.581976604926617 ], [ -69.935715233334903, 0.552909231016028 ], [ -69.963810365185694, 0.569237570266604 ], [ -69.978746933268596, 0.577974430420256 ], [ -69.985312896768207, 0.57031635940143 ], [ -69.993503703162204, 0.566727054810867 ], [ -70.001368209138903, 0.546989209158865 ], [ -70.021072758830002, 0.5449781331174 ], [ -70.034697466051298, 0.565262032529004 ], [ -70.046255603962706, 0.56300234664577 ], [ -70.045687196999907, -0.137104063999971 ], [ -70.057965693, -0.169288669999958 ], [ -70.051995319999904, -0.193054012999937 ], [ -70.043609257999904, -0.197438807999958 ], [ -69.997161128999906, -0.234771254999941 ], [ -69.948327776, -0.301496407999934 ], [ -69.900213081999894, -0.346378149999964 ], [ -69.84488464, -0.345796460999964 ], [ -69.8235482219999, -0.381010685999968 ], [ -69.762080389999895, -0.410724529999925 ], [ -69.74969, -0.427179740999975 ], [ -69.709041725, -0.457588675999943 ], [ -69.699164496, -0.458837495999944 ], [ -69.644995515999895, -0.483019989999946 ], [ -69.643768493, -0.499663720999934 ], [ -69.61546859, -0.50630310799994 ], [ -69.614692374999905, -0.540342004999957 ], [ -69.593213964, -0.567685955999934 ], [ -69.604965067, -0.600001654999971 ], [ -69.58827051, -0.622752764999973 ], [ -69.573293927, -0.626092558999972 ], [ -69.575266763999906, -0.636707164999962 ], [ -69.564299069, -0.639808695999932 ], [ -69.612073072, -0.72373194499994 ], [ -69.622604932999906, -0.73214410099996 ], [ -69.626378491, -0.749749254999927 ], [ -69.616579847, -0.75054161199995 ], [ -69.619907678999894, -0.759189362999962 ], [ -69.609935209, -0.761568585999953 ], [ -69.595110204, -0.787115818999951 ], [ -69.559599724999899, -0.822963848999962 ], [ -69.573719323, -0.842215503999967 ], [ -69.527983606, -0.878267171999937 ], [ -69.523547319, -0.929736341999956 ], [ -69.463576543, -0.967340956999976 ], [ -69.456268649, -0.993198953999979 ], [ -69.4216603, -1.00043329399995 ], [ -69.428462571999901, -1.01572408899995 ], [ -69.436602676999897, -1.02694260999994 ], [ -69.443405970999905, -1.03660312899996 ], [ -69.4240234439999, -1.05889539899994 ], [ -69.428380139, -1.07299386499994 ], [ -69.395709479999894, -1.13260117999994 ], [ -69.414546556999895, -1.17418296599993 ], [ -69.430798653999901, -1.24194899899993 ], [ -69.413905176999904, -1.27624745199995 ], [ -69.399989886999904, -1.37072653699994 ], [ -69.43448955, -1.39828541799994 ], [ -69.441017131, -1.47107381599994 ], [ -69.457497171999904, -1.49347566899996 ], [ -69.453323149, -1.53145544699993 ], [ -69.485606965, -1.72066164599994 ], [ -69.9375918759999, -4.22118396099995 ], [ -69.949933534180303, -4.23845708712948 ], [ -69.959199752365294, -4.30307769017123 ], [ -69.983890131454103, -4.33246400569906 ], [ -69.993320327589203, -4.32151282178905 ], [ -70.033480172374695, -4.35533690362749 ], [ -70.033445254844693, -4.37448166147714 ], [ -70.047941273417095, -4.370865080534589 ], [ -70.0450957377777, -4.3299160442241 ], [ -70.075618553659496, -4.319801054255981 ], [ -70.072973094744796, -4.30390607002036 ], [ -70.041160895526403, -4.300482534954229 ], [ -70.051342577735994, -4.293213080625501 ], [ -70.062324566844296, -4.29448023321491 ], [ -70.080865009994696, -4.28629931825169 ], [ -70.090824384732514, -4.289211546132621 ], [ -70.106808291956796, -4.25693250122337 ], [ -70.114411207493305, -4.26858141274709 ], [ -70.120152297953197, -4.28494880036034 ], [ -70.156110531521193, -4.27461150292039 ], [ -70.171360824088495, -4.304900895956789 ], [ -70.151530997601597, -4.32301895491067 ], [ -70.1606233731993, -4.33340071384498 ], [ -70.169737979544195, -4.33308948338442 ], [ -70.193729955182306, -4.361017142156821 ], [ -70.218031151564205, -4.30262104689633 ], [ -70.226472245097199, -4.31724549569197 ], [ -70.264609715878606, -4.3045330054315 ], [ -70.267131873946298, -4.294322333254291 ], [ -70.244951120939803, -4.281823412830201 ], [ -70.252395555236319, -4.27116526099582 ], [ -70.289617726719001, -4.28703044884089 ], [ -70.284939530303106, -4.271409340808821 ], [ -70.309062751821401, -4.25489327346242 ], [ -70.290838125784006, -4.23780768655235 ], [ -70.279813854230099, -4.234309209232669 ], [ -70.289455006843696, -4.16328198364938 ], [ -70.313822308174906, -4.15075255324866 ], [ -70.320941302720797, -4.142738599388461 ], [ -70.329321376300499, -4.15294927156567 ], [ -70.327612817609506, -4.161695464864869 ], [ -70.333430053152696, -4.17756065270994 ], [ -70.358977073580107, -4.161288665176541 ], [ -70.362231471086801, -4.15457647031901 ], [ -70.364509549341506, -4.14619639673931 ], [ -70.391032889020906, -4.136351844281601 ], [ -70.441842170094006, -4.1374502034401 ], [ -70.433787536264902, -4.1616141049272 ], [ -70.456161519123398, -4.162183624490869 ], [ -70.461571954978197, -4.17524189448643 ], [ -70.484922257088598, -4.16067846564403 ], [ -70.498753446492003, -4.19842947672152 ], [ -70.513927074866899, -4.18943920360932 ], [ -70.5050995216301, -4.15567482947751 ], [ -70.523608907449301, -4.13679932393877 ], [ -70.542443733019198, -4.14843379502515 ], [ -70.5580241610824, -4.172394296668079 ], [ -70.557780081269414, -4.20518235154788 ], [ -70.572221470205307, -4.21128434687291 ], [ -70.565753355160794, -4.17324857601358 ], [ -70.622461231714695, -4.19204272161466 ], [ -70.634909302177803, -4.17522155450201 ], [ -70.617783035298899, -4.127992110686309 ], [ -70.646340373420003, -4.127829390810979 ], [ -70.650815169991702, -4.15549176961776 ], [ -70.666761717774406, -4.142311459715711 ], [ -70.676687630169795, -4.202761893402289 ], [ -70.683765944746796, -4.207073970098639 ], [ -70.696899916855102, -4.18647300446276 ], [ -70.713302299057702, -4.18815818071645 ], [ -70.759026748074604, -4.158667596276849 ], [ -70.788067952179901, -4.18636065937918 ], [ -70.803234538463101, -4.18641683192097 ], [ -70.846936775975493, -4.22219874104102 ], [ -70.839634345542819, -4.22978203418263 ], [ -70.824917139593893, -4.21933394140974 ], [ -70.816435085783695, -4.22388391729471 ], [ -70.839859035710006, -4.254497952570109 ], [ -70.857104006039407, -4.2468584868867 ], [ -70.865024334431794, -4.25326215665073 ], [ -70.847723191560604, -4.2714620601906 ], [ -70.851599096944099, -4.28179780787991 ], [ -70.879741540380707, -4.30067178192125 ], [ -70.878561917003097, -4.32392721422219 ], [ -70.900300690675707, -4.32572473555946 ], [ -70.920466633178307, -4.357855429463181 ], [ -70.934678286251, -4.35734987658707 ], [ -70.940267454159198, -4.382388787089831 ], [ -70.972149389352097, -4.37383682548645 ], [ -70.975280300917404, -4.35813409978926 ], [ -70.988767304583703, -4.34580312500866 ], [ -70.998930725203707, -4.3487413650931 ], [ -70.989248983286103, -4.38178452407551 ], [ -71.023881681986296, -4.39127359451215 ], [ -71.0382357073169, -4.402015029574951 ], [ -71.046809588219006, -4.38886520100031 ], [ -71.044160355355999, -4.38202536342669 ], [ -71.046472413127404, -4.370031563737741 ], [ -71.055720644212798, -4.370802249661531 ], [ -71.0645835323364, -4.39185160895499 ], [ -71.082501980064507, -4.39604221366559 ], [ -71.082839155156094, -4.37330697891384 ], [ -71.109716826748198, -4.383903910365931 ], [ -71.108223622770893, -4.40500143752963 ], [ -71.116604832192095, -4.410107231774719 ], [ -71.142470978509195, -4.38154368472433 ], [ -71.152152720426798, -4.38669764683966 ], [ -71.150563180709, -4.404953269659391 ], [ -71.163857512894296, -4.392863134229961 ], [ -71.187339349634797, -4.401075756105331 ], [ -71.196154069888095, -4.4246298446511 ], [ -71.207232680042495, -4.39958255212799 ], [ -71.199092309972499, -4.382242118842761 ], [ -71.217492436403006, -4.38084525060589 ], [ -71.221875712594496, -4.40801192941942 ], [ -71.225536470732493, -4.39062332826395 ], [ -71.237867445513103, -4.38686623438549 ], [ -71.279484485397703, -4.39067149613419 ], [ -71.280062499840497, -4.40040140592202 ], [ -71.261180694707718, -4.39640347269236 ], [ -71.268357707372999, -4.41234703774073 ], [ -71.263107409517204, -4.428964952972411 ], [ -71.289021723704593, -4.441584934974441 ], [ -71.3107936010516, -4.41528527782517 ], [ -71.321005189541793, -4.41928321105482 ], [ -71.302508727370807, -4.453145223831261 ], [ -71.305928646157696, -4.46041857223701 ], [ -71.318404124549005, -4.44095875266136 ], [ -71.340754016338806, -4.44105508840184 ], [ -71.347931029004101, -4.42650839159034 ], [ -71.365608637381015, -4.43334822916395 ], [ -71.382082049001994, -4.424581676780859 ], [ -71.422254052779493, -4.46830606098828 ], [ -71.433525334414796, -4.44675093905733 ], [ -71.450239585386996, -4.44872582173704 ], [ -71.449950578165598, -4.43369744622317 ], [ -71.463678421183005, -4.440103772964661 ], [ -71.475720388742204, -4.43331210326128 ], [ -71.484053430293201, -4.45778138134155 ], [ -71.508811715594902, -4.43808072241472 ], [ -71.504765614495, -4.46129763586883 ], [ -71.495902726371398, -4.469052662976951 ], [ -71.498600127104694, -4.484466381452709 ], [ -71.517963610939901, -4.462694504105701 ], [ -71.540795181432102, -4.46784846622103 ], [ -71.536074730148897, -4.48244333090277 ], [ -71.553318827693602, -4.481913484330171 ], [ -71.594695028227093, -4.527383953833661 ], [ -71.621404112273396, -4.526866149228621 ], [ -71.633819380826907, -4.51472784592896 ], [ -71.611276817556103, -4.47503752085387 ], [ -71.626305193069896, -4.47267729521227 ], [ -71.629580608246002, -4.49160726821531 ], [ -71.650437296058499, -4.499217791712719 ], [ -71.6551095794715, -4.494738179780699 ], [ -71.673172530810305, -4.506418888313119 ], [ -71.693186280893599, -4.49904920416689 ], [ -71.708070152796793, -4.510464989413001 ], [ -71.740342625855405, -4.49061982687546 ], [ -71.745207580749394, -4.47130451091052 ], [ -71.754503979705007, -4.471160007299811 ], [ -71.748772003146897, -4.48609204707321 ], [ -71.769243347997502, -4.50432358595782 ], [ -71.773722959929501, -4.488091013688029 ], [ -71.786005766839907, -4.483659569626249 ], [ -71.788076985260105, -4.49753191625444 ], [ -71.795302165795604, -4.4852972772143 ], [ -71.809463519645206, -4.491896275436739 ], [ -71.807151461873815, -4.501048170781721 ], [ -71.834607147908798, -4.49738741264373 ], [ -71.829501353663701, -4.51342731343257 ], [ -71.842169503535999, -4.50740632965297 ], [ -71.860473294225898, -4.52031531887642 ], [ -71.870684882716105, -4.52219386581566 ], [ -71.908641164462693, -4.517088071570559 ], [ -71.884653565084804, -4.535488198000999 ], [ -71.892986606635702, -4.53674056262715 ], [ -71.921742825167101, -4.53250179004632 ], [ -71.928678998481203, -4.54738566194948 ], [ -71.919527103136204, -4.56376273782997 ], [ -71.929112509313313, -4.56096900135624 ], [ -71.9361931862381, -4.57927279204621 ], [ -71.950065532866304, -4.57917645630574 ], [ -71.943129359552202, -4.59444567117079 ], [ -71.949391182683001, -4.597046736163569 ], [ -71.954641480538797, -4.61010022899773 ], [ -71.960517960707705, -4.60513893836335 ], [ -71.975498168351294, -4.61188244019649 ], [ -71.988985172017607, -4.60740282826448 ], [ -71.995439666629295, -4.61019656473821 ], [ -71.981326480649997, -4.625513947473489 ], [ -72.004760149520195, -4.63456950707801 ], [ -72.003652288504696, -4.64169835187304 ], [ -72.043198109969097, -4.62426158284734 ], [ -72.040500709235801, -4.644492088346781 ], [ -72.051675655130794, -4.65301780137868 ], [ -72.067860059530304, -4.659086953028511 ], [ -72.062272586582793, -4.66621579782355 ], [ -72.082503092082305, -4.673296474748361 ], [ -72.078071648020497, -4.681822187780261 ], [ -72.090354454930903, -4.686277715777159 ], [ -72.101288561474604, -4.70489459762367 ], [ -72.125294223803806, -4.71938108459737 ], [ -72.138684891729696, -4.71167422535949 ], [ -72.162166728470098, -4.729496337347091 ], [ -72.158120627370195, -4.73460213159219 ], [ -72.193090501162104, -4.746114252578771 ], [ -72.192994165421595, -4.75569965875589 ], [ -72.209395325237196, -4.748787569376911 ], [ -72.212935663699611, -4.75810805226772 ], [ -72.221750383952894, -4.77178772741496 ], [ -72.228782893007505, -4.76933116603289 ], [ -72.244341115094002, -4.780795119149229 ], [ -72.256142243301994, -4.7643698753985 ], [ -72.260814526714896, -4.781951148034919 ], [ -72.269773750579006, -4.79755753799163 ], [ -72.2841759437798, -4.79669051632736 ], [ -72.281141367954802, -4.77448512814822 ], [ -72.285861819238093, -4.78108412637066 ], [ -72.308693389730308, -4.780987790630181 ], [ -72.324010772465599, -4.7780013826755 ], [ -72.321770966499599, -4.801410967610571 ], [ -72.338437049601495, -4.80502355787832 ], [ -72.336124991830104, -4.795341815960741 ], [ -72.3518277175273, -4.8056497401914 ], [ -72.372154558767207, -4.807672790741341 ], [ -72.359630912505693, -4.82515772763729 ], [ -72.373310587652895, -4.82241215903379 ], [ -72.382462482997894, -4.825205895507521 ], [ -72.376923177920702, -4.82828863920268 ], [ -72.3862195768764, -4.83666984862387 ], [ -72.375140966721901, -4.83907824213571 ], [ -72.390024838625095, -4.862969505773141 ], [ -72.401007113039, -4.88454871163921 ], [ -72.410399847735206, -4.88353718636423 ], [ -72.421285786408703, -4.8760229986073 ], [ -72.413916102262505, -4.89972159076379 ], [ -72.439011562655807, -4.90882531823853 ], [ -72.447055596985393, -4.8994807514126 ], [ -72.453510091597096, -4.901985480664909 ], [ -72.458664053712397, -4.89389327846514 ], [ -72.466419080820501, -4.89702419003053 ], [ -72.469646328126402, -4.90424937056604 ], [ -72.456255660200597, -4.91725469552996 ], [ -72.461891301018298, -4.92433537245477 ], [ -72.477160515883298, -4.931801392341459 ], [ -72.479087230692798, -4.94904548988622 ], [ -72.486745922060393, -4.95159838700877 ], [ -72.489057979831799, -4.93339093205928 ], [ -72.494838124260198, -4.947455950168411 ], [ -72.506253909506299, -4.94591457832083 ], [ -72.511793214583506, -4.93613650066277 ], [ -72.520029920393995, -4.93252391039502 ], [ -72.5228236568678, -4.95097220469569 ], [ -72.524365028715295, -4.95733036356694 ], [ -72.540645768855399, -4.96214715059062 ], [ -72.535780813961495, -4.954247619871791 ], [ -72.551290868177702, -4.96065394661328 ], [ -72.572725570433093, -4.983630020716211 ], [ -72.580528765411401, -4.98049910915082 ], [ -72.590210507329004, -4.99653900993966 ], [ -72.597050344902598, -4.982666663311479 ], [ -72.604082853957195, -4.99326359476356 ], [ -72.610970859400993, -4.99706885651227 ], [ -72.602059803407201, -5.00260816158949 ], [ -72.611910132870705, -5.01937058043189 ], [ -72.607984451446399, -5.02536748027636 ], [ -72.623783512884003, -5.050944619372079 ], [ -72.628166789075607, -5.046127832348401 ], [ -72.631105029159997, -5.05369018797557 ], [ -72.641509289131207, -5.06226406887772 ], [ -72.643484171810897, -5.04530897855438 ], [ -72.656874839736702, -5.063323762022921 ], [ -72.66371467731031, -5.059373996663509 ], [ -72.671084361456494, -5.05055927641018 ], [ -72.697384018605803, -5.05901273763673 ], [ -72.709040643203096, -5.04841580618465 ], [ -72.733750760634507, -5.059133157312329 ], [ -72.7368816721999, -5.06797196150077 ], [ -72.7306198490692, -5.073246343291701 ], [ -72.743215747136105, -5.08853964209187 ], [ -72.755040959279199, -5.07666626207851 ], [ -72.770286090209098, -5.100340770299871 ], [ -72.783339583043301, -5.09241715564592 ], [ -72.7847846191504, -5.107517782965151 ], [ -72.810963856624099, -5.10585599144198 ], [ -72.818478044380996, -5.102436072655171 ], [ -72.813914138676097, -5.133034712223069 ], [ -72.825341965889706, -5.13527451818908 ], [ -72.829363983054506, -5.143005461362081 ], [ -72.835481302574607, -5.13881485665148 ], [ -72.851135860401499, -5.141897600346631 ], [ -72.8567715012192, -5.138333177949111 ], [ -72.869102475999796, -5.144065154507291 ], [ -72.873148577099698, -5.150953159951139 ], [ -72.888465959835003, -5.1664872981025 ], [ -72.878326623150201, -5.17349572322194 ], [ -72.878784217917399, -5.17987796602831 ], [ -72.880301505829905, -5.1866696357317 ], [ -72.870812435393205, -5.19435241103446 ], [ -72.873871095153305, -5.20234827749376 ], [ -72.867007173644495, -5.211981851541109 ], [ -72.869849077988505, -5.21793058351535 ], [ -72.865152710640402, -5.24490459084793 ], [ -72.872257471500305, -5.246156955474091 ], [ -72.872401975111003, -5.26260628315994 ], [ -72.862967093528397, -5.26833223873434 ], [ -72.875727137, -5.29341942299993 ], [ -72.870106542, -5.299350993999949 ], [ -72.888080848999905, -5.314562482999971 ], [ -72.914600171, -5.377980292999951 ], [ -72.956909122999903, -5.465407835999941 ], [ -72.960520426999906, -5.523494635999949 ], [ -72.953767846999895, -5.54014875999997 ], [ -72.958532405, -5.570814873999949 ], [ -72.951051027999895, -5.58433791499994 ], [ -72.973212366, -5.60811607999995 ], [ -72.974269106999898, -5.615908 ], [ -72.967379771, -5.637160528999969 ], [ -72.966016552, -5.64538265499993 ], [ -72.961775676999906, -5.65457858499997 ], [ -72.990378480999894, -5.669355843999941 ], [ -72.98499987, -5.69430372199997 ], [ -73.003977144, -5.70824676899997 ], [ -73.002884077, -5.72140104899995 ], [ -73.021683875, -5.731934203999971 ], [ -73.034714049999906, -5.750604533999931 ], [ -73.047544011, -5.756075597999941 ], [ -73.049627905, -5.76603252399997 ], [ -73.055488515, -5.789110157999971 ], [ -73.095656401, -5.813324212999931 ], [ -73.093522108999906, -5.82170718799995 ], [ -73.117050468999906, -5.82859932099996 ], [ -73.114658091, -5.85375108099993 ], [ -73.156963722999905, -5.86941617299993 ], [ -73.155865583, -5.88255479299994 ], [ -73.170019625999899, -5.900776542999951 ], [ -73.168306755999893, -5.909325582999939 ], [ -73.185879937, -5.94696090099995 ], [ -73.186666531999904, -5.955611689999959 ], [ -73.184100279999896, -5.97026049599998 ], [ -73.194098816, -5.984299960999981 ], [ -73.189022227999899, -5.99923606199997 ], [ -73.216158220999901, -6.011832312999961 ], [ -73.237468639, -6.032191043999939 ], [ -73.231776928, -6.07357181499998 ], [ -73.250213634, -6.11250124399993 ], [ -73.2526600529999, -6.12988037299993 ], [ -73.218188401, -6.186677721999959 ], [ -73.216913058, -6.20333566999994 ], [ -73.219217161, -6.22169580099995 ], [ -73.17305014499992, -6.26866429099994 ], [ -73.165489651, -6.274207978999929 ], [ -73.158268221, -6.32726418799996 ], [ -73.151080325, -6.32170408899998 ], [ -73.133520059, -6.38736403099995 ], [ -73.108977357999905, -6.410559816999981 ], [ -73.122566032, -6.431861260999941 ], [ -73.117826349, -6.449840676999939 ], [ -73.159353682, -6.52471038399995 ], [ -73.172659070999899, -6.518252040999929 ], [ -73.184212631, -6.527574026999959 ], [ -73.190186336999901, -6.545216709999979 ], [ -73.198265869, -6.544494075999979 ], [ -73.212963972, -6.57783857099997 ], [ -73.222053140999904, -6.56476597999995 ], [ -73.247157549, -6.58425446499996 ], [ -73.331803033, -6.59993705499994 ], [ -73.354491378, -6.59491587099996 ], [ -73.380832509, -6.625179904999919 ], [ -73.380691406, -6.63502277499992 ], [ -73.529134157, -6.68640378499992 ], [ -73.536224928, -6.69326526499998 ], [ -73.54238972, -6.70114312699997 ], [ -73.576497237999902, -6.72647187599995 ], [ -73.642805795, -6.762149041999981 ], [ -73.697333861999894, -6.839399669999979 ], [ -73.707196063, -6.839650768999949 ], [ -73.72144501, -6.88908733899996 ], [ -73.75458137, -6.94190730999998 ], [ -73.726782385, -7.02252327799994 ], [ -73.801401541, -7.11269120199995 ], [ -73.756678689, -7.19096674499997 ], [ -73.714665952, -7.24128648299995 ], [ -73.710948134, -7.27737516999997 ], [ -73.699809224, -7.30390871699996 ], [ -73.728762667999902, -7.335216875999948 ], [ -73.763895906, -7.347469694999969 ], [ -73.765948236, -7.331430366999939 ], [ -73.798762156, -7.341097302999971 ], [ -73.829592465, -7.336531147999949 ], [ -73.842791279, -7.343986501999952 ], [ -73.876498571, -7.382271252999941 ], [ -73.913530797, -7.374339131999931 ], [ -73.936335027, -7.352447583999949 ], [ -73.94222158, -7.36196036199993 ], [ -73.958620447000015, -7.34514199799997 ], [ -73.967142423, -7.359805687999939 ], [ -73.930429821, -7.425461718999941 ], [ -73.919313761, -7.46529186599997 ], [ -73.950060073, -7.52733928599997 ], [ -73.990449968999897, -7.53596100099998 ], [ -73.980730128999895, -7.56660822299995 ], [ -73.950563541, -7.585847109999971 ], [ -73.911674962999896, -7.62188173199996 ], [ -73.888307798, -7.631263799999938 ], [ -73.872944436999902, -7.671113890999949 ], [ -73.842172928, -7.677746705999939 ], [ -73.814592677999897, -7.72126086899993 ], [ -73.740038426, -7.733708107999969 ], [ -73.683809885, -7.77605493199997 ], [ -73.68712777, -7.854030550999941 ], [ -73.713007373, -7.875463431999949 ], [ -73.747286179, -7.86743832699995 ], [ -73.756365139, -7.85814430299996 ], [ -73.767205547999893, -7.860905552999951 ], [ -73.752649597, -7.89193532499996 ], [ -73.770670155999895, -7.90492150299997 ], [ -73.750917686, -7.92337410299996 ], [ -73.737787486999906, -7.957940901999959 ], [ -73.728761924, -7.96905213399998 ], [ -73.710893954, -7.960782818999971 ], [ -73.688669566, -7.97136617199993 ], [ -73.685640691999893, -7.98335766199995 ], [ -73.675969443, -8.00780556199993 ], [ -73.639872052, -8.00773252899995 ], [ -73.623445966, -8.039357259999971 ], [ -73.632242867999906, -8.05896057699994 ], [ -73.593950737999904, -8.09740441799994 ], [ -73.589172214, -8.130125001999939 ], [ -73.592508658, -8.19824865099997 ], [ -73.595249994, -8.206577779999979 ], [ -73.574457539, -8.217899055999959 ], [ -73.571642288, -8.22979897399995 ], [ -73.536058824, -8.277267995999978 ], [ -73.539728537, -8.287631574999979 ], [ -73.529672998, -8.312148570999971 ], [ -73.536029033, -8.346197442999941 ], [ -73.506502505, -8.377281541999929 ], [ -73.485895560999893, -8.378090240999942 ], [ -73.482004569, -8.39175634999998 ], [ -73.433519443, -8.412100001999928 ], [ -73.412371245, -8.41060085399994 ], [ -73.394447218, -8.46728054899995 ], [ -73.335367908, -8.467147828999941 ], [ -73.327982608999903, -8.517078316999971 ], [ -73.343973660999893, -8.602083962999933 ], [ -73.337030926999901, -8.61782052099994 ], [ -73.312975503, -8.61711190199998 ], [ -73.308901398, -8.633161257999969 ], [ -73.299593567, -8.632217109999941 ], [ -73.284807789999903, -8.666358576999931 ], [ -73.275783335, -8.669394436999941 ], [ -73.264315280999895, -8.67771392699996 ], [ -73.231676812, -8.68468046899994 ], [ -73.221842551999899, -8.679934033999929 ], [ -73.155367789, -8.707719205999981 ], [ -73.137614183, -8.74295548499998 ], [ -73.137675214999902, -8.751247670999931 ], [ -73.138213881999903, -8.759574993999932 ], [ -73.111613225, -8.79193894999997 ], [ -73.108981045, -8.822683441999972 ], [ -73.100039419, -8.832633112999931 ], [ -73.079668967, -8.840908097999939 ], [ -73.056223826, -8.90690223799993 ], [ -73.024080556999905, -8.91349721399996 ], [ -72.993067843999896, -8.92451648699995 ], [ -72.959652781, -8.981716657999929 ], [ -72.936312846, -8.989488226999979 ], [ -72.955287073, -9.016099547999939 ], [ -72.940150313999894, -9.06901596199998 ], [ -72.945284866, -9.08717199299997 ], [ -72.952677663, -9.128569032999961 ], [ -72.986170579, -9.15994111099997 ], [ -73.001589527, -9.164485385999969 ], [ -73.016703303, -9.181722084999929 ], [ -72.995058749, -9.19431817099996 ], [ -73.022059059, -9.225943899999951 ], [ -73.044947158999904, -9.236866344999948 ], [ -73.056200492999906, -9.225296403999952 ], [ -73.086588897999903, -9.24448332899993 ], [ -73.09203561, -9.261602784999981 ], [ -73.111505752, -9.282141114999941 ], [ -73.102472537, -9.30601915799997 ], [ -73.139308324000012, -9.321799994999942 ], [ -73.163675302999906, -9.354210239999931 ], [ -73.186036988999902, -9.36002385799998 ], [ -73.198648281, -9.397929519999931 ], [ -73.209619319, -9.405454018999929 ], [ -73.207750103, -9.411698664999959 ], [ -72.715873078, -9.413820612999929 ], [ -72.707467035, -9.430411179999957 ], [ -72.6926666049999, -9.438232548999958 ], [ -72.668918327000014, -9.439370283999951 ], [ -72.652975275999907, -9.44670461599998 ], [ -72.629956558999893, -9.444762567999931 ], [ -72.620949701, -9.446667573999949 ], [ -72.579847529999896, -9.45993353499995 ], [ -72.560417608, -9.466272652999979 ], [ -72.551491216, -9.46570647599998 ], [ -72.525806383, -9.48555914999997 ], [ -72.516263083, -9.485876613999949 ], [ -72.48513873, -9.483389803999961 ], [ -72.479264692, -9.486987735999952 ], [ -72.474018290999894, -9.483051172999982 ], [ -72.450805112999902, -9.48711472099995 ], [ -72.441078081999905, -9.47662241399996 ], [ -72.430571868999905, -9.48113578599998 ], [ -72.423458651000018, -9.48087122899994 ], [ -72.401842729, -9.481363304999951 ], [ -72.372231141, -9.494125286999969 ], [ -72.346782584, -9.502476082999978 ], [ -72.31887411400001, -9.543490461999969 ], [ -72.296316735999895, -9.535163624999942 ], [ -72.282143944, -9.546579909999927 ], [ -72.283313387, -9.553435844999971 ], [ -72.286698335000011, -9.604448970999952 ], [ -72.265074366, -9.61722485399997 ], [ -72.253353112, -9.62213567799995 ], [ -72.258046978, -9.65030344499996 ], [ -72.247033828, -9.662128339999979 ], [ -72.268673008999897, -9.749355694999959 ], [ -72.234061251, -9.763216963999982 ], [ -72.150982239, -9.798927440999931 ], [ -72.165477995999893, -9.828030705999939 ], [ -72.140674837999896, -9.87751388999993 ], [ -72.174366064, -9.928840608999963 ], [ -72.160701854, -9.939502645999941 ], [ -72.162364993, -9.97411619899998 ], [ -72.169643403, -9.97869956699998 ], [ -72.178867318999906, -9.983071216999971 ], [ -72.180452773, -9.99999999599993 ], [ -71.377416674, -9.999999994999937 ], [ -71.364012266, -9.98503171899995 ], [ -71.354651018, -9.98799859499997 ], [ -71.352903916999907, -9.97656499699997 ], [ -71.338873496, -9.97199783399998 ], [ -71.307959271999906, -9.991996305999979 ], [ -71.254675765999906, -9.97168968999995 ], [ -71.253053663999907, -9.96391808899995 ], [ -71.210845036, -9.966390064999931 ], [ -71.163009024, -9.87532092699996 ], [ -71.118706431, -9.852235042999951 ], [ -71.085543856999905, -9.839475710999981 ], [ -71.053044333999907, -9.818052206999942 ], [ -70.992999062, -9.815471379999961 ], [ -70.98019956, -9.772145369999981 ], [ -70.956142827999898, -9.746306191999961 ], [ -70.919253066, -9.734161747999961 ], [ -70.915379956, -9.729086010999941 ], [ -70.855126813, -9.656579174999928 ], [ -70.836345985, -9.649529651999961 ], [ -70.829377606, -9.646610376999941 ], [ -70.793221429, -9.633669008999961 ], [ -70.790093973, -9.62513282899994 ], [ -70.788213745, -9.619008224999961 ], [ -70.764374271, -9.602553751999949 ], [ -70.755238667, -9.597282968999931 ], [ -70.749777689, -9.560152433999971 ], [ -70.733609332999904, -9.564143651999929 ], [ -70.724178686999906, -9.565288902999949 ], [ -70.714198187, -9.546705201999941 ], [ -70.667946174999898, -9.522941132999962 ], [ -70.661184326, -9.52186716099993 ], [ -70.657474830999902, -9.516613644999948 ], [ -70.651595428, -9.51365883699998 ], [ -70.645638242, -9.496522033999952 ], [ -70.636591150999905, -9.501416082999979 ], [ -70.623619988, -9.47043424899994 ], [ -70.615648463, -9.475561484999959 ], [ -70.607703759999907, -9.457790443999951 ], [ -70.596140756999901, -9.45959748699994 ], [ -70.590521528999901, -9.440558245999968 ], [ -70.584314897, -9.44306124199994 ], [ -70.570466651999894, -9.432546422999961 ], [ -70.56404008, -9.43188493599996 ], [ -70.554689899, -9.431808203999942 ], [ -70.540495649, -9.431443061999969 ], [ -70.52877976, -9.43027090399994 ], [ -70.521569982, -9.434194840999959 ], [ -70.502373411999898, -9.42693697699997 ], [ -70.494860544999895, -9.42566425499996 ], [ -70.497070685, -9.442762258999949 ], [ -70.511511697999893, -9.449715521999959 ], [ -70.503786936000012, -9.463611043999951 ], [ -70.521253481, -9.45603366199998 ], [ -70.519923106, -9.47645834599996 ], [ -70.514408483999901, -9.48796124799998 ], [ -70.51674737, -9.50334722899993 ], [ -70.524761811, -9.49878653199994 ], [ -70.547839537, -9.52128255899993 ], [ -70.54007186, -9.536963297999931 ], [ -70.562055245, -9.532339564999971 ], [ -70.570531025, -9.55484396099996 ], [ -70.553504362999902, -9.566217267999949 ], [ -70.56394352, -9.57509347199993 ], [ -70.577987565999919, -9.566545236999961 ], [ -70.586549178, -9.56773015299996 ], [ -70.588716402, -9.599858865999982 ], [ -70.597473814999901, -9.60967036999995 ], [ -70.579457417, -9.64505817899993 ], [ -70.573140815, -9.654958272999982 ], [ -70.538816585999896, -9.688532867999982 ], [ -70.5270437, -9.725756338999931 ], [ -70.547182396, -9.77920420499993 ], [ -70.56060417, -9.78905275499994 ], [ -70.579356834, -9.779664127999979 ], [ -70.596701338999907, -9.80153747199995 ], [ -70.61223482, -9.804417717999971 ], [ -70.622072663, -9.82770526399997 ], [ -70.62100662200001, -10.999641142 ], [ -70.522906288999906, -10.934259860999902 ], [ -70.44317653, -11.014887273999902 ], [ -70.433550082, -11.039871449 ], [ -70.380482577, -11.055071529 ], [ -70.302156709, -11.068804627 ], [ -70.243752948999898, -11.048974744 ], [ -70.195634119, -11.0519915629999 ], [ -70.169911735, -11.041377277 ], [ -70.139688604, -11.029109295999902 ], [ -70.107877604999899, -11.00144391 ], [ -70.102159135, -10.99292367 ], [ -70.094670408, -10.9955987779999 ], [ -70.095775478, -10.9892005949999 ], [ -70.082981340999893, -10.984234666 ], [ -70.064801328, -10.993713565999901 ], [ -70.039701216, -10.980253438 ], [ -70.037947050999904, -10.970810969999897 ], [ -70.032185666, -10.974039242999901 ], [ -69.995981209, -10.958908714 ], [ -69.990670435, -10.951161456 ], [ -69.983648412, -10.9516249279999 ], [ -69.983369462, -10.943176987 ], [ -69.971315615, -10.946200156 ], [ -69.958296172, -10.939742968 ], [ -69.94619941, -10.925095268 ], [ -69.923529378999902, -10.924689692999898 ], [ -69.919640176, -10.9330960249999 ], [ -69.902339927999904, -10.92063919 ], [ -69.862482301999918, -10.926001223 ], [ -69.859054439, -10.934323245 ], [ -69.844350569, -10.92465809 ], [ -69.839125625999898, -10.929556546 ], [ -69.799439661, -10.926922977999901 ], [ -69.796215646, -10.933238235 ], [ -69.780551545, -10.9352871089999 ], [ -69.774232261, -10.9388001849999 ], [ -69.751830450999904, -10.948112004999899 ], [ -69.740763656999903, -10.9737706609999 ], [ -69.719477646, -10.96660837 ], [ -69.714912526, -10.976640795 ], [ -69.701769702, -10.966018526 ], [ -69.697386972999894, -10.972411945 ], [ -69.650925748, -10.953283940999897 ], [ -69.627488606, -10.953937009999901 ], [ -69.613723509, -10.95509041 ], [ -69.596412532, -10.940938559 ], [ -69.591740124, -10.9479224 ], [ -69.574681275, -10.942392223 ], [ -69.540804975, -10.950708517 ], [ -69.536679737, -10.936677597 ], [ -69.504874103, -10.942739837 ], [ -69.501955859, -10.93597182 ], [ -69.485197418, -10.950092308 ], [ -69.47858309, -10.9549850769999 ], [ -69.472145788, -10.945952615 ], [ -69.465885512999904, -10.950582116 ], [ -69.452544205, -10.9422473829999 ], [ -69.450862459999897, -10.936142998 ], [ -69.424796753, -10.933920316999901 ], [ -69.418563299, -10.925466604 ], [ -69.413113049999893, -10.936659162999902 ], [ -69.399943403999899, -10.932687827999899 ], [ -69.395217352, -10.939540190999898 ], [ -69.392020159, -10.933983521 ], [ -69.39075952, -10.944311996 ], [ -69.373979620999904, -10.940519838999901 ], [ -69.354694537999904, -10.944733343999898 ], [ -69.356437974, -10.936722367 ], [ -69.350011401, -10.938781751 ], [ -69.343413166999895, -10.951711829 ], [ -69.33545237, -10.941183469999901 ], [ -69.328585915, -10.9500054069999 ], [ -69.321939401, -10.941304608999898 ], [ -69.286920481, -10.949868471999901 ], [ -69.275762491, -10.9443751979999 ], [ -69.268745832, -10.941136067999901 ], [ -69.258011632, -10.946408194999902 ], [ -69.237417631, -10.949336528999901 ], [ -69.234381369999895, -10.9433639609999 ], [ -69.213540606, -10.957136499999899 ], [ -69.186428838, -10.947803898 ], [ -69.160518698, -10.964364852 ], [ -69.151822976999895, -10.9637960699999 ], [ -69.144739263, -10.9706477129999 ], [ -69.12319576, -10.966202853 ], [ -69.118831805999903, -10.98102757 ], [ -69.107869617999896, -10.972361915 ], [ -69.097210519, -10.979194927 ], [ -69.074915997999895, -10.970305397999899 ], [ -69.055888406999898, -10.9821255699999 ], [ -69.052626840999906, -10.976327451 ], [ -69.027145855, -10.987465426 ], [ -69.010725372, -10.994440268999899 ], [ -69.013772361, -11.00248391 ], [ -68.984536283, -11.009124026999899 ], [ -68.982183985999896, -10.99690736 ], [ -68.967662506, -10.987439095 ], [ -68.952529483, -10.990459178 ], [ -68.952711872999899, -11.003905677 ], [ -68.939542226999905, -11.00845265 ], [ -68.926630072, -11.0121491539999 ], [ -68.923851304, -11.017975528 ], [ -68.906526916, -11.018286195 ], [ -68.904008322, -11.012301857 ], [ -68.89033442, -11.010361463 ], [ -68.880573861, -11.008871273999899 ], [ -68.861605278999903, -11.016177341999899 ], [ -68.850688689, -10.993889975999901 ], [ -68.841228536999907, -10.994937901999901 ], [ -68.843036346000019, -11.001322796 ], [ -68.831754975, -11.00070406 ], [ -68.805364720999904, -11.001022642999899 ], [ -68.811973684, -10.995519789 ], [ -68.798814766, -10.996067445999902 ], [ -68.787570946, -11.007341584 ], [ -68.783276729, -11.001999455 ], [ -68.758557491, -10.9996298249999 ], [ -68.758142425, -11.005974049 ], [ -68.751830511, -11.007802335 ], [ -68.751133137, -11.018502081 ], [ -68.751224217, -11.02881868 ], [ -68.763184236, -11.047528104 ], [ -68.761256018, -11.072267001999901 ], [ -68.738119831999896, -11.093887019 ], [ -68.7222445579999, -11.110832672 ], [ -68.711562915999906, -11.1358169599999 ], [ -68.715128846, -11.141636429 ], [ -68.542971394999896, -11.111355478 ], [ -68.530590972, -11.092555506999901 ], [ -68.487837915999904, -11.051326537 ], [ -68.443090991, -11.042569715 ], [ -68.427894485, -11.035806443 ], [ -68.398128964, -11.052069355999897 ], [ -68.377181564, -11.014091849 ], [ -68.338463141, -11.007114961 ], [ -68.323453959999895, -11.005891317 ], [ -68.290839859999906, -10.98852211 ], [ -68.271704623999895, -10.980494375 ], [ -68.231909451, -10.945824267 ], [ -68.231060471, -10.938970969 ], [ -68.214340503999907, -10.905181813999899 ], [ -68.191498271999905, -10.858897731 ], [ -68.183408729999897, -10.8558420649999 ], [ -68.119510464, -10.788899340999899 ], [ -68.112335555, -10.782936736 ], [ -68.101810567, -10.744934542 ], [ -68.106354229, -10.729386571 ], [ -68.105643444, -10.723119722 ], [ -68.105951897999901, -10.716807941 ], [ -68.079381935, -10.688799967 ], [ -68.071957580999893, -10.685916529999899 ], [ -68.06563025, -10.6847278289999 ], [ -68.063605181999904, -10.677777394 ], [ -68.031382463999904, -10.664138318 ], [ -68.023625516, -10.651514807 ], [ -67.984881006, -10.655184087999899 ], [ -67.975689076, -10.661642125 ], [ -67.9707564939999, -10.655542577999901 ], [ -67.964667878999904, -10.653526063 ], [ -67.958893083, -10.649751321999901 ], [ -67.950213455, -10.651654515 ], [ -67.943805657, -10.654229868 ], [ -67.916723393, -10.6523504159999 ], [ -67.913711271999915, -10.646669813 ], [ -67.862909563, -10.642537139999902 ], [ -67.822687157, -10.6548183479999 ], [ -67.808500953, -10.662325483 ], [ -67.805040904, -10.667663133 ], [ -67.798407800999897, -10.669502952999903 ], [ -67.790342398, -10.676519471999899 ], [ -67.781021721999906, -10.6802438019999 ], [ -67.744758256, -10.699976978999899 ], [ -67.737583346999898, -10.710071055999901 ], [ -67.732055314, -10.713410198 ], [ -67.714331277, -10.707754456 ], [ -67.68387734, -10.634740162 ], [ -67.670667102, -10.606420687 ], [ -67.657054920999897, -10.613495991 ], [ -67.629750327999901, -10.575860394999898 ], [ -67.609801984999905, -10.5623785839999 ], [ -67.604046653999902, -10.5336277509999 ], [ -67.599102418, -10.527211673999901 ], [ -67.451666852, -10.45513506 ], [ -67.434189967999899, -10.441867198999899 ], [ -67.428004793999904, -10.427612257 ], [ -67.412863724, -10.424082712 ], [ -67.417887502000013, -10.397364506 ], [ -67.420874141, -10.387779239999899 ], [ -67.415831587999904, -10.383544824 ], [ -67.411754058, -10.378326489 ], [ -67.4035578, -10.373097048 ], [ -67.392712288, -10.37557183 ], [ -67.386325948, -10.378339448 ], [ -67.382903449, -10.384191202999903 ], [ -67.362813704, -10.378199617 ], [ -67.355877511, -10.390821124 ], [ -67.349532075, -10.379292542 ], [ -67.337016887999894, -10.378271511 ], [ -67.317780085, -10.377870485 ], [ -67.311165086999907, -10.377766270999901 ], [ -67.319217749, -10.34238622 ], [ -67.325105198, -10.339562873 ], [ -67.313059397, -10.3189516749999 ], [ -67.307370432, -10.321949366999901 ], [ -67.301072604999902, -10.323184324 ], [ -67.290708549, -10.3228544749999 ], [ -67.263768442, -10.332941762 ], [ -67.223304637, -10.316029819999899 ], [ -67.219257183, -10.323621703 ], [ -67.191814593999894, -10.329565633 ], [ -67.188765160999907, -10.335733504 ], [ -67.156767078, -10.328848438 ], [ -67.139630444, -10.315290282 ], [ -67.129705601, -10.293410096999899 ], [ -67.088418357, -10.285003321 ], [ -67.049306385, -10.276350878 ], [ -67.046114557, -10.264791045 ], [ -67.012232892, -10.254014683 ], [ -67.004636875999907, -10.22988729 ], [ -66.994669788, -10.226252580999899 ], [ -66.989713064999904, -10.222055587999899 ], [ -66.997046225, -10.21943442 ], [ -66.993124834999904, -10.20531986 ], [ -66.978115193999898, -10.19636034 ], [ -66.981001251, -10.189167992 ], [ -66.971849553, -10.191908204999898 ], [ -66.961347363999906, -10.1827674699999 ], [ -66.956739329, -10.188385257999901 ], [ -66.939358614999904, -10.154344384 ], [ -66.9179224, -10.14467056 ], [ -66.910964749999906, -10.1417556819999 ], [ -66.914430164, -10.135925847 ], [ -66.919059656999906, -10.131511154999901 ], [ -66.908765338, -10.1307876889999 ], [ -66.897939943, -10.119322909999898 ], [ -66.889244221, -10.109035418 ], [ -66.878917717, -10.09748008 ], [ -66.873419188, -10.101747363999898 ], [ -66.871150039, -10.080663892 ], [ -66.838797234, -10.0833997509999 ], [ -66.831877135, -10.0596265779999 ], [ -66.802394293, -10.043706394 ], [ -66.800672315, -10.034911398 ], [ -66.78223481, -10.0190428239999 ], [ -66.772197983999902, -10.021103035999902 ], [ -66.760439179999906, -9.998408290999979 ], [ -66.735510728999898, -9.989400742999978 ], [ -66.719129138000014, -9.974140171999981 ], [ -66.680516057, -9.96542518499996 ], [ -66.666329853, -9.949279786999968 ], [ -66.665380351, -9.941787353999928 ], [ -66.651918344, -9.935068850999931 ], [ -66.654216996999907, -9.941081956999941 ], [ -66.641629391, -9.949768532999942 ], [ -66.626458816, -9.93019699199994 ], [ -66.635353021, -9.922630142999941 ], [ -66.628765516, -9.914999707999932 ], [ -66.635353021, -9.911977075999969 ], [ -66.616252926999906, -9.894868083999938 ], [ -66.60910969, -9.895181202999938 ], [ -66.600442595999894, -9.89824844199995 ], [ -66.580414553, -9.90488098299994 ], [ -66.570995279, -9.892750365999969 ], [ -66.561860612, -9.880892094999981 ], [ -66.547336001, -9.882782883999941 ], [ -66.520002322, -9.885227696999952 ], [ -66.499023522999906, -9.876333040999951 ], [ -66.495752753, -9.884331561999938 ], [ -66.487198421, -9.869451153999933 ], [ -66.460671777, -9.878599582999929 ], [ -66.457141894999907, -9.873085390999961 ], [ -66.426050592, -9.871508827999952 ], [ -66.432168616, -9.891977502999961 ], [ -66.426246276, -9.899628503999962 ], [ -66.412500886, -9.894952089999951 ], [ -66.423723869, -9.890892353999959 ], [ -66.395190935, -9.864175973999981 ], [ -66.382274815999907, -9.867850018999951 ], [ -66.359611846, -9.86615116999997 ], [ -66.351800926, -9.842210875999969 ], [ -66.315807650999901, -9.831415673999972 ], [ -66.286194869, -9.844716859999949 ], [ -66.278665735999894, -9.828356517999962 ], [ -66.257247116, -9.833655846999928 ], [ -66.234837808, -9.816697870999972 ], [ -66.206328524, -9.835226835999951 ], [ -66.192192717, -9.815669196999981 ], [ -66.19263454, -9.80476502199997 ], [ -66.177999789, -9.804139488999969 ], [ -66.159974291, -9.78782866399996 ], [ -66.110019158999904, -9.78951242799997 ], [ -66.097779328999906, -9.787238920999931 ], [ -66.0974414, -9.811609735999978 ], [ -66.0828915499999, -9.798649351999929 ], [ -66.087135825, -9.790035829999969 ], [ -66.033219535999905, -9.788933766999952 ], [ -66.026027648, -9.81101525999998 ], [ -65.998439108, -9.795364073999961 ], [ -65.980690084999907, -9.806670701999961 ], [ -65.969301893, -9.79999422099996 ], [ -65.970493183, -9.77451354299996 ], [ -65.940832633999904, -9.760632534999958 ], [ -65.930811971, -9.76735751699994 ], [ -65.915687888, -9.75374303599995 ], [ -65.903082333, -9.766825265999961 ], [ -65.87691527600002, -9.752845510999979 ], [ -65.862470566, -9.766868907999941 ], [ -65.8686112299999, -9.79303075999997 ], [ -65.840826028, -9.78885026599994 ], [ -65.828326462999897, -9.76636689499998 ], [ -65.812496138, -9.757234748999959 ], [ -65.806414232, -9.762087067999969 ], [ -65.806605998, -9.768984536999939 ], [ -65.807998333999905, -9.781416631999951 ], [ -65.796718267999907, -9.78677072399995 ], [ -65.780825944999904, -9.780035101999941 ], [ -65.780889972, -9.772119682999969 ], [ -65.771910524, -9.73429557099996 ], [ -65.771086275, -9.75956174799995 ], [ -65.764497621, -9.76305643399996 ], [ -65.756222068999918, -9.76702308599994 ], [ -65.744244384999902, -9.78208302799993 ], [ -65.718884938, -9.755953373999942 ], [ -65.6858890889999, -9.74868549999997 ], [ -65.679942325999903, -9.765703763999969 ], [ -65.70810664, -9.766051721999929 ], [ -65.700195483999906, -9.790345462999939 ], [ -65.710547108999904, -9.80731987799993 ], [ -65.692882728, -9.812998562999947 ], [ -65.672579442, -9.78212483499993 ], [ -65.645686544999904, -9.79924142999994 ], [ -65.653744903, -9.809938044999972 ], [ -65.649297621999906, -9.81622498299993 ], [ -65.635411042, -9.80527830799997 ], [ -65.627605291999899, -9.836803062999932 ], [ -65.597662165, -9.827559970999969 ], [ -65.591606911, -9.841545906999951 ], [ -65.554739884999904, -9.841905913999939 ], [ -65.565627475, -9.81309347699994 ], [ -65.537358116, -9.798894667999949 ], [ -65.531604512999905, -9.78120309099995 ], [ -65.511635225, -9.792522222999928 ], [ -65.499106839, -9.78135929899997 ], [ -65.501412601, -9.733587593999969 ], [ -65.48294132, -9.727594666999952 ], [ -65.486580333999896, -9.707858027999981 ], [ -65.466045365, -9.710228693999968 ], [ -65.441491516, -9.686348540999973 ], [ -65.446077938, -9.669054929999962 ], [ -65.378304356999905, -9.69712536199995 ], [ -65.331769113999897, -9.772448885999951 ], [ -65.318441803, -9.817200170999969 ], [ -65.298070534, -9.82963206399995 ], [ -65.286023324, -9.853481983999931 ], [ -65.333545258999905, -9.942511927999933 ], [ -65.333080411, -9.96569106299995 ], [ -65.321295464999906, -9.990944494999949 ], [ -65.321715657, -9.99975605299994 ], [ -65.324300818, -10.070065611 ], [ -65.300303040999907, -10.1060046809999 ], [ -65.302012160999894, -10.186163844 ], [ -65.289819629, -10.222005211 ], [ -65.33707745, -10.314078009 ], [ -65.390107321, -10.371122661 ], [ -65.381499576, -10.429074152999901 ], [ -65.404796394999906, -10.464022004999901 ], [ -65.42515681, -10.471070997 ], [ -65.429133995, -10.477011067 ], [ -65.410331437, -10.510691903 ], [ -65.420296322999903, -10.534525652999902 ], [ -65.397196806999901, -10.583344539999899 ], [ -65.415994656999899, -10.621537786 ], [ -65.397244257999901, -10.64547944 ], [ -65.356687889999904, -10.6597523309999 ], [ -65.344191403, -10.721181117999899 ], [ -65.348274669, -10.735025076999898 ], [ -65.349579314, -10.779900158 ], [ -65.366355599, -10.781975518 ], [ -65.362665353, -10.801491433 ], [ -65.318106467, -10.824581059 ], [ -65.271220867, -10.885666882 ], [ -65.268772304, -10.898063684 ], [ -65.268805552999893, -10.923142257999899 ], [ -65.286135139999899, -10.925577581 ], [ -65.251226312, -10.99125391 ], [ -65.301804401, -11.036476191 ], [ -65.279500793999901, -11.074949542999899 ], [ -65.293636825, -11.0957559509999 ], [ -65.302693706999904, -11.097536798 ], [ -65.354030372999901, -11.124390924 ], [ -65.363495488999916, -11.1472657959999 ], [ -65.345277403999901, -11.190231562 ], [ -65.324580947, -11.1870330149999 ], [ -65.323435566999905, -11.210554196 ], [ -65.355392958, -11.215016782 ], [ -65.356806328999895, -11.268429585 ], [ -65.335419723, -11.3137986319999 ], [ -65.29299335, -11.320696454 ], [ -65.294344587999902, -11.333637193 ], [ -65.332939895, -11.344223116 ], [ -65.305390809999906, -11.4993762359999 ], [ -65.214854491, -11.523550631 ], [ -65.217471002, -11.552682826 ], [ -65.226496933, -11.5610978079999 ], [ -65.234643317999897, -11.579672877999901 ], [ -65.226833542999898, -11.606929163 ], [ -65.224636021, -11.630525678 ], [ -65.220552239, -11.637540935999901 ], [ -65.228693801, -11.670733648999898 ], [ -65.260636909, -11.7068732499999 ], [ -65.20478243, -11.7494621559999 ], [ -65.175004531, -11.7541195769999 ], [ -65.185552688, -11.724847899999901 ], [ -65.11469535, -11.71392997 ], [ -65.107276618999904, -11.708631667 ], [ -65.088139235000014, -11.709379742 ], [ -65.059883597, -11.8043415669999 ], [ -65.068947571, -11.871759455 ], [ -65.050087394999906, -11.886059412 ], [ -65.03083068, -11.88735922 ], [ -65.01499853, -11.904154542999901 ], [ -65.038774294999897, -11.970330378 ], [ -65.026114777, -11.973104883 ], [ -65.033752675999907, -11.992439361 ], [ -65.010723659, -11.993717757 ], [ -64.988886785, -12.009122759 ], [ -64.972163572999904, -12.018160254 ], [ -64.95391575, -11.9944223329999 ], [ -64.917025742, -12.0283831419999 ], [ -64.847003829999906, -12.0089032669999 ], [ -64.818665605, -12.036266393999901 ], [ -64.810419512, -12.065451605 ], [ -64.843580540999895, -12.103162077 ], [ -64.833192826999905, -12.120845103 ], [ -64.816693836999903, -12.109277468 ], [ -64.800078481999904, -12.085897433 ], [ -64.762353245, -12.098874985999901 ], [ -64.764852770999894, -12.128920746999899 ], [ -64.765160856, -12.151302013 ], [ -64.746802805999906, -12.15636067 ], [ -64.73369618, -12.1181075279999 ], [ -64.737864453, -12.099317218999902 ], [ -64.709195410999897, -12.087103359 ], [ -64.697475396, -12.100601517 ], [ -64.717799311, -12.142467064 ], [ -64.704200096, -12.181189753 ], [ -64.698830868999906, -12.18716282 ], [ -64.59199433, -12.215606336999899 ], [ -64.566029920999895, -12.225901634 ], [ -64.545025097, -12.242433949 ], [ -64.515704967, -12.223447963 ], [ -64.499279430999906, -12.253122323 ], [ -64.496471331, -12.313950038 ], [ -64.512106154, -12.351429034 ], [ -64.453278096, -12.398768818999899 ], [ -64.402555627, -12.448101349 ], [ -64.318531108999906, -12.457258985 ], [ -64.291222929999904, -12.462018241 ], [ -64.294581689, -12.499050386 ], [ -64.278133673, -12.499829431 ], [ -64.231634530999898, -12.4550863219999 ], [ -64.190196912, -12.472010769999901 ], [ -64.184147052999919, -12.465918498 ], [ -64.175457854999905, -12.465708575 ], [ -64.168339542999902, -12.512270379 ], [ -64.146607194999902, -12.501764905999901 ], [ -64.140690279, -12.478358461 ], [ -64.122584695999905, -12.486150539999899 ], [ -64.118495648, -12.5046440949999 ], [ -64.092192415999904, -12.4839763159999 ], [ -64.082026702999897, -12.501321638 ], [ -64.0570100099999, -12.492038556 ], [ -64.032280548999921, -12.515401682999901 ], [ -64.022357305999904, -12.508314147 ], [ -64.00641296, -12.517610184 ], [ -63.992853877, -12.504387462 ], [ -63.956498543, -12.5314996349999 ], [ -63.898051242999898, -12.5007022849999 ], [ -63.895144477, -12.475126950999899 ], [ -63.885162405999907, -12.4463809279999 ], [ -63.828388591, -12.46034918 ], [ -63.809365401, -12.44916999 ], [ -63.786303467, -12.427945031 ], [ -63.758747094999897, -12.441861897 ], [ -63.696018468, -12.4491036539999 ], [ -63.666996422999908, -12.463345683999902 ], [ -63.654798754, -12.462293938 ], [ -63.618751409, -12.4795587959999 ], [ -63.54563614700001, -12.515280391 ], [ -63.505536403999898, -12.565324804999902 ], [ -63.437154784869008, -12.564373013779498 ], [ -63.430176317954, -12.5975869828941 ], [ -63.440334845741695, -12.607613008145499 ], [ -63.411449292814893, -12.611146409115101 ], [ -63.377484475994208, -12.656815616647799 ], [ -63.345610232999903, -12.658787527999902 ], [ -63.274982722240495, -12.685469290135899 ], [ -63.264945655111092, -12.68477365182 ], [ -63.237981388961501, -12.690029585762399 ], [ -63.232416282434293, -12.6831394538716 ], [ -63.24712406397051, -12.661718210493101 ], [ -63.196861435177297, -12.6550047486508 ], [ -63.192753856550098, -12.6386186016541 ], [ -63.196905602689505, -12.624838337872502 ], [ -63.168947567517193, -12.6428145153056 ], [ -63.160158232605198, -12.6132222821848 ], [ -63.150088039841698, -12.636586896096599 ], [ -63.120208717892197, -12.6361673047314 ], [ -63.114842365169601, -12.624617500311899 ], [ -63.090550233503301, -12.636012718439 ], [ -63.0846097031231, -12.654651408553899 ], [ -63.096667433931998, -12.6832057051398 ], [ -63.061380328, -12.686539264 ], [ -63.082543035999898, -12.709651709999898 ], [ -63.072894719, -12.730858695999899 ], [ -63.053744332, -12.732538857999902 ], [ -63.029021758999903, -12.782973811 ], [ -63.008794721999898, -12.815195838 ], [ -63.009231512, -12.83778237 ], [ -62.98343227399991, -12.844134681 ], [ -62.970909413, -12.858906310999901 ], [ -62.95671827199989, -12.847412133 ], [ -62.942991547, -12.854610465 ], [ -62.926597203, -12.841533862999899 ], [ -62.891825839, -12.864330546 ], [ -62.88840666, -12.88226679 ], [ -62.855488712, -12.918219829 ], [ -62.845548596, -12.923169066999902 ], [ -62.845847411, -12.9487180269999 ], [ -62.81802195400001, -12.935322507 ], [ -62.803300775, -12.945079716 ], [ -62.803524954, -12.974561886999901 ], [ -62.7790974649999, -13.009573507 ], [ -62.756409082999909, -13.0171913529999 ], [ -62.752210945999899, -13.002045876 ], [ -62.743378360999905, -13.002169377 ], [ -62.729158452, -13.0207665529999 ], [ -62.72515947999991, -13.001254919 ], [ -62.700434183, -13.00263833 ], [ -62.682468587, -12.9929111769999 ], [ -62.650823191, -12.96558061 ], [ -62.652183856, -12.989335297 ], [ -62.629177896, -12.995812124999899 ], [ -62.625562988, -13.017709786 ], [ -62.60263129, -13.012735866 ], [ -62.614793506, -13.036469261 ], [ -62.534965478999901, -13.073282811 ], [ -62.523818347, -13.065502937 ], [ -62.497485986999905, -13.081988892 ], [ -62.48176781, -13.0718932839999 ], [ -62.482629588999892, -13.058858509999901 ], [ -62.472128472999906, -13.066298898999902 ], [ -62.468046027999904, -13.079025015 ], [ -62.452902660999904, -13.067378496999902 ], [ -62.459101897, -13.081107158999901 ], [ -62.451877952, -13.087776269 ], [ -62.436988986, -13.080569287999902 ], [ -62.429429521, -13.107410554 ], [ -62.410677774, -13.127040868999899 ], [ -62.399378411, -13.113386177999899 ], [ -62.397375537999899, -13.130101975999899 ], [ -62.33740721600001, -13.140485875 ], [ -62.3197328689999, -13.14721301 ], [ -62.318816371, -13.138422846 ], [ -62.293512487, -13.146045581 ], [ -62.287403602, -13.140564468 ], [ -62.275539754, -13.151384994 ], [ -62.255432251999899, -13.144519445 ], [ -62.245430650999907, -13.138532826 ], [ -62.245011825999896, -13.120841438 ], [ -62.211259792, -13.113203621 ], [ -62.20143652, -13.1417094779999 ], [ -62.190933883, -13.1538295679999 ], [ -62.178207029, -13.143016568 ], [ -62.183958559, -13.123189958 ], [ -62.167042454, -13.116397159 ], [ -62.162596355999902, -13.142557693999898 ], [ -62.152017606, -13.159658986999901 ], [ -62.128711172, -13.14837782 ], [ -62.117186131, -13.168518665 ], [ -62.109429086, -13.245857633 ], [ -62.109404707, -13.265057448999897 ], [ -62.079153942999902, -13.292046033 ], [ -62.056957783, -13.288200302999902 ], [ -62.05690871199991, -13.311775253 ], [ -62.032711924, -13.333635414 ], [ -62.013223507, -13.333084303 ], [ -62.011516653999905, -13.3583951429999 ], [ -62.00115399500001, -13.3686756229999 ], [ -61.996733572, -13.374387464999897 ], [ -61.994845708999897, -13.365368776 ], [ -61.971376032, -13.374248726 ], [ -61.977318876, -13.388078637 ], [ -61.962345165, -13.3911453549999 ], [ -61.968261395999903, -13.402458343 ], [ -61.947988934, -13.415386688 ], [ -61.940377123, -13.407854644999899 ], [ -61.914346635999898, -13.433731895999902 ], [ -61.892987283, -13.430927664 ], [ -61.876102139, -13.5073456969999 ], [ -61.861150278, -13.535400361 ], [ -61.840344218, -13.526966694999899 ], [ -61.843435165999892, -13.541365514999899 ], [ -61.812983828, -13.535900388 ], [ -61.817124027, -13.527436575 ], [ -61.784867412, -13.537093069 ], [ -61.777987099, -13.522180036999901 ], [ -61.769232702, -13.519311806 ], [ -61.757347646, -13.540574716 ], [ -61.751707659, -13.520415057 ], [ -61.736789853999902, -13.527443280999901 ], [ -61.725154656, -13.522313515999901 ], [ -61.689629724, -13.505462504 ], [ -61.645930124999907, -13.5165202049999 ], [ -61.645065495, -13.5068151959999 ], [ -61.628986693999899, -13.515498227 ], [ -61.62306412, -13.509238315999902 ], [ -61.608013958, -13.511691745 ], [ -61.57672823, -13.488622610999901 ], [ -61.572430437, -13.518572487 ], [ -61.521736427, -13.5354731649999 ], [ -61.503200820000011, -13.548232363999897 ], [ -61.460121955, -13.551520201999899 ], [ -61.402456599999901, -13.537871295999899 ], [ -61.401374646, -13.524195292999901 ], [ -61.342205725, -13.5183763799999 ], [ -61.328676283999989, -13.503576641999901 ], [ -61.313509741, -13.5044738 ], [ -61.302813247, -13.490111769 ], [ -61.3053380489999, -13.482015772999899 ], [ -61.288316617, -13.482857586 ], [ -61.286151441999905, -13.498221880999902 ], [ -61.269703856, -13.501288170999899 ], [ -61.241869375, -13.5023783789999 ], [ -61.233532947999898, -13.525023276999899 ], [ -61.188651502, -13.532223191999901 ], [ -61.184068668, -13.5078965279999 ], [ -61.154921439, -13.519664177 ], [ -61.153200711, -13.527306698 ], [ -61.139619416999899, -13.528984233 ], [ -61.1320396959999, -13.523373100999899 ], [ -61.106179439999906, -13.531663446 ], [ -61.097840611, -13.495833371999902 ], [ -61.063594329999908, -13.5020729189999 ], [ -61.060372854, -13.511850771999899 ], [ -61.035509857, -13.501024548 ], [ -61.050978559, -13.495386010999901 ], [ -61.046984445, -13.4846782399999 ], [ -60.988334897, -13.500324185999901 ], [ -61.009367297, -13.507886574999899 ], [ -61.006755362, -13.518418214 ], [ -61.005622678999906, -13.550280539 ], [ -60.972144122, -13.536967578 ], [ -60.944423970999907, -13.5488869869999 ], [ -60.923036714, -13.5408563829999 ], [ -60.920067644, -13.5490451759999 ], [ -60.920756453, -13.568945728 ], [ -60.875230885, -13.621406679 ], [ -60.819060206999907, -13.636927466 ], [ -60.801842431999901, -13.656414008 ], [ -60.786371839, -13.65636688 ], [ -60.77014203200001, -13.672727166999898 ], [ -60.769538493, -13.684205318 ], [ -60.705802790999897, -13.6994680449999 ], [ -60.693875624, -13.715456176 ], [ -60.690042123, -13.699387422 ], [ -60.661771691, -13.73297517 ], [ -60.654929474, -13.7367433709999 ], [ -60.619020132999907, -13.72438535 ], [ -60.611789342, -13.73407922 ], [ -60.610957627999902, -13.740352872 ], [ -60.600377095999903, -13.7489045089999 ], [ -60.59198575100001, -13.743212453 ], [ -60.57506706, -13.74804646 ], [ -60.578877389, -13.755655889 ], [ -60.566651877, -13.7590958229999 ], [ -60.570289412, -13.765121899 ], [ -60.550247532, -13.781544531 ], [ -60.548178226999902, -13.77032602 ], [ -60.522115824, -13.769575830999901 ], [ -60.52293056, -13.78450973 ], [ -60.528510248000011, -13.791846566999903 ], [ -60.4726822599999, -13.793719121 ], [ -60.465089139, -13.799615400999899 ], [ -60.477598860959901, -13.808805628933401 ], [ -60.465524196771, -13.816967207505501 ], [ -60.47323856555839, -13.829097772917599 ], [ -60.49023253737991, -13.822669132261401 ], [ -60.473853479012398, -13.8361413270278 ], [ -60.492748092419198, -13.855986261227201 ], [ -60.457418519421907, -13.853303002518601 ], [ -60.475977725490097, -13.886284724145801 ], [ -60.468598764041303, -13.8916512415631 ], [ -60.458760148776193, -13.881030009174699 ], [ -60.451045779988902, -13.8880735632849 ], [ -60.450896710060597, -13.931378377443998 ], [ -60.4262629044159, -13.942409552135098 ], [ -60.4235796457072, -13.936595824933102 ], [ -60.412150951207408, -13.9519624500377 ], [ -60.425467864798499, -13.965776263389701 ], [ -60.415542292075301, -13.980372693865 ], [ -60.386945710837701, -13.9804969188052 ], [ -60.381454968480107, -13.989093284668099 ], [ -60.396290531965398, -13.9963542324237 ], [ -60.401964506109799, -14.0030064779722 ], [ -60.411565541176699, -14.0341015333199 ], [ -60.417421194296089, -14.038531705250399 ], [ -60.421725588474509, -14.047643604615198 ], [ -60.457320692281499, -14.0904022172402 ], [ -60.480556967348797, -14.0958060021396 ], [ -60.473718384389905, -14.107740913270797 ], [ -60.480966909651492, -14.112585685939198 ], [ -60.473466828886004, -14.1280051066434 ], [ -60.480491749255201, -14.1395300754719 ], [ -60.476429593710101, -14.1608377583423 ], [ -60.492864553300699, -14.189515085791099 ], [ -60.471603454782802, -14.197956170478701 ], [ -60.463833184772298, -14.234180163045501 ], [ -60.450174652595607, -14.247987765150498 ], [ -60.465342517795904, -14.2662674651032 ], [ -60.446187032014706, -14.3189823184836 ], [ -60.424646427381397, -14.352448517377601 ], [ -60.413708421395405, -14.351181422987402 ], [ -60.412702199379602, -14.363423790845602 ], [ -60.401782827134703, -14.367280975239302 ], [ -60.395894564968501, -14.364169140486901 ], [ -60.396360408494303, -14.385262535335498 ], [ -60.40237910684781, -14.382113433101003 ], [ -60.403217625194195, -14.417797047177899 ], [ -60.400683436413807, -14.424579728913701 ], [ -60.39494424417591, -14.430467991079901 ], [ -60.3729377960167, -14.468406287821702 ], [ -60.363229616938902, -14.474779027254694 ], [ -60.360974934274005, -14.482176622444602 ], [ -60.362838308377206, -14.488903402957201 ], [ -60.339415695899604, -14.511394328383201 ], [ -60.342229390795502, -14.517506195441804 ], [ -60.339136189784099, -14.526580827324603 ], [ -60.334570923231205, -14.5493698926071 ], [ -60.3180614286766, -14.612556908447599 ], [ -60.279731823373098, -14.623886222995298 ], [ -60.273647906926108, -14.6209933347 ], [ -60.244961262606601, -15.097484102494201 ], [ -60.575704342886603, -15.097522534585099 ], [ -60.239549325445402, -15.474550080676401 ], [ -60.174061042587191, -16.266918473639102 ], [ -59.133355287391204, -16.293564850694299 ], [ -58.423916405999897, -16.316593489999899 ], [ -58.408645498610596, -16.309362732869104 ], [ -58.391182043860901, -16.2851308628418 ], [ -58.388658627712104, -16.261394242712804 ], [ -58.365912507379797, -16.273716531850798 ], [ -58.321609750846306, -16.269505433756596 ], [ -58.3035154420594, -16.329855171372099 ], [ -58.313931166484501, -16.3719668892928 ], [ -58.3191551961743, -16.376850434677404 ], [ -58.326257693251996, -16.380309031135599 ], [ -58.345535544276608, -16.3966282338416 ], [ -58.347352519978003, -16.403523973759501 ], [ -58.352053524872701, -16.414907121325999 ], [ -58.348359878169703, -16.4549160308407 ], [ -58.3432559299983, -16.462555163794601 ], [ -58.334223284879208, -16.490307881976598 ], [ -58.357711520049499, -16.530014584033701 ], [ -58.369464032286309, -16.543983284292299 ], [ -58.436182624521891, -16.592947188398803 ], [ -58.461353987337603, -16.6676637849442 ], [ -58.470249432369599, -16.751535011389699 ], [ -58.461768735592997, -16.794335142560701 ], [ -58.47338483474141, -16.796563922559901 ], [ -58.475556950842304, -16.822138228652403 ], [ -58.458217797967201, -16.8265957886507 ], [ -58.463501706482305, -16.890342674220904 ], [ -58.465621880676409, -16.9113177605693 ], [ -58.472138228979198, -16.913622092432899 ], [ -58.4712882705049, -16.941321294710999 ], [ -58.457795179725906, -16.941553852793501 ], [ -58.461520831038108, -16.966489509532401 ], [ -58.448580213267299, -16.9676086215235 ], [ -58.434451424379397, -16.988682279445001 ], [ -58.411661912787991, -16.985202761941 ], [ -58.392476756351606, -17.034827056237205 ], [ -58.393523267723097, -17.186597766299297 ], [ -58.364717643806003, -17.201586252769001 ], [ -58.366072265124409, -17.213722066109501 ], [ -58.352625158426797, -17.218666433921499 ], [ -58.346613030281503, -17.234079235598401 ], [ -58.322884248172997, -17.260612382649402 ], [ -58.304923127393693, -17.275601989669902 ], [ -58.297959464926201, -17.291934576731801 ], [ -58.291728222424908, -17.302430495215699 ], [ -58.280688976909204, -17.299215915329398 ], [ -58.2766272606763, -17.325393941180497 ], [ -58.257055905590093, -17.347875436528501 ], [ -58.237755662498692, -17.350406918189002 ], [ -58.228806839373803, -17.348296641040097 ], [ -58.220101946134392, -17.360193186647599 ], [ -58.2063130189999, -17.356091853 ], [ -58.196313400999898, -17.372836052 ], [ -58.196369572, -17.387214763 ], [ -58.1580918289999, -17.38450735 ], [ -58.151089296999906, -17.391983621999902 ], [ -58.143223911999904, -17.414677864999899 ], [ -58.122869887, -17.4146831259999 ], [ -58.120730048, -17.447639436 ], [ -58.091371572, -17.460940722 ], [ -58.060144226, -17.4507209729999 ], [ -58.040605034999899, -17.493460852999902 ], [ -58.000362609, -17.50581126 ], [ -57.999396912999899, -17.514605483 ], [ -57.883442069, -17.44954203 ], [ -57.752294742999894, -17.564463114 ], [ -57.728057598, -17.529747857 ], [ -57.711834057, -17.555019565999899 ], [ -57.679113848, -17.656242909 ], [ -57.672810913, -17.677273439 ], [ -57.683085159, -17.717383245999901 ], [ -57.6605383, -17.729140314999899 ], [ -57.640303896, -17.717359336 ], [ -57.618443998, -17.752404043999899 ], [ -57.600833539, -17.776749641 ], [ -57.607285872, -17.779581326 ], [ -57.612165285999907, -17.788124651 ], [ -57.598866960999899, -17.804498985 ], [ -57.576331491, -17.800528377 ], [ -57.567749594, -17.816823182999901 ], [ -57.559393525, -17.815372393 ], [ -57.531022941999893, -17.844644445 ], [ -57.535249377, -17.85219004 ], [ -57.496724363999903, -17.861473198999899 ], [ -57.477585807, -17.859053276999905 ], [ -57.477668998999903, -17.87888212 ], [ -57.452468922, -17.902643452999904 ], [ -57.439054244, -17.871692369 ], [ -57.427663518, -17.858005524 ], [ -57.405860337, -17.852474481999899 ], [ -57.397107357, -17.839898433 ], [ -57.389939429, -17.845841681 ], [ -57.36961475, -17.825493373 ], [ -57.346689753, -17.834146045999901 ], [ -57.313835785, -17.818417617 ], [ -57.3064936809999, -17.810509284 ], [ -57.292027297999901, -17.8174670299999 ], [ -57.283330399, -17.822693979999901 ], [ -57.284941332, -17.815464736 ], [ -57.269200704999903, -17.819508018 ], [ -57.245466576, -17.8063147 ], [ -57.251747281999904, -17.797980359 ], [ -57.225243502, -17.7828429059999 ], [ -57.191244546999897, -17.785808534 ], [ -57.181052256, -17.78013665 ], [ -57.143991765, -17.7681908079999 ], [ -57.1144129689999, -17.780066572999896 ], [ -57.064195250999894, -17.735047548999905 ], [ -57.056716643, -17.729496472999902 ], [ -57.048215512999903, -17.732554084 ], [ -57.032348746, -17.6940882389999 ], [ -57.01882796400001, -17.683835071 ], [ -56.987131565, -17.651590809 ], [ -56.983850086, -17.6418931329999 ], [ -56.958307058999907, -17.607177979 ], [ -56.978941407, -17.613263049999905 ], [ -56.979636566999908, -17.579765763999898 ], [ -56.946932903999901, -17.559839274 ], [ -56.905682325, -17.534074666 ], [ -56.877263226, -17.533172566 ], [ -56.862025053, -17.503403551 ], [ -56.866655390999902, -17.495465994 ], [ -56.85582884, -17.483487801 ], [ -56.8460450749999, -17.480578914 ], [ -56.842100912, -17.463017651 ], [ -56.832165513999904, -17.463669189 ], [ -56.825412504, -17.458891725999901 ], [ -56.840909858, -17.442008606999899 ], [ -56.81960162, -17.430196625999901 ], [ -56.840049215, -17.4149940299999 ], [ -56.822438115999901, -17.390588056 ], [ -56.815243133, -17.389725281 ], [ -56.78612935599989, -17.384447273 ], [ -56.782456642999904, -17.368107555999902 ], [ -56.761346311, -17.356001503 ], [ -56.763298059, -17.340439208 ], [ -56.758320828, -17.329874005 ], [ -56.736847661, -17.321738787999905 ], [ -56.735994783, -17.312683572 ], [ -56.719274842999909, -17.307955341 ], [ -56.706774, -17.316998672 ], [ -56.691932440999906, -17.318110162 ], [ -56.673935996999901, -17.325247901999902 ], [ -56.672520541, -17.334575045 ], [ -56.655632787999899, -17.333390327 ], [ -56.6603068699999, -17.321960438 ], [ -56.6498826549999, -17.324176077999901 ], [ -56.645238503, -17.318505721 ], [ -56.644266291999898, -17.328007547 ], [ -56.630438682, -17.334201049999901 ], [ -56.625018291999901, -17.3220854909999 ], [ -56.595892302, -17.332544388 ], [ -56.575100494, -17.329583263 ], [ -56.573432548, -17.316069383999899 ], [ -56.541653343999897, -17.317245060999902 ], [ -56.532374175, -17.312963819999901 ], [ -56.52868125299991, -17.320903008999899 ], [ -56.509769187, -17.303281351 ], [ -56.51396096, -17.2981612089999 ], [ -56.502602015, -17.287425540999902 ], [ -56.473166499999898, -17.309966458 ], [ -56.464482867, -17.306794049 ], [ -56.465568581999896, -17.314139134 ], [ -56.455958159, -17.310195881 ], [ -56.441404137999903, -17.330826795999901 ], [ -56.417264873, -17.3116228929999 ], [ -56.405179356, -17.312643072999901 ], [ -56.372599866, -17.284271067 ], [ -56.360296430999902, -17.279215108 ], [ -56.355735254, -17.266853755999897 ], [ -56.350322580999901, -17.274538315 ], [ -56.33587364800001, -17.289948513999899 ], [ -56.330456968, -17.2825783659999 ], [ -56.323636199, -17.285739663 ], [ -56.312624856, -17.26950153 ], [ -56.2936217009999, -17.270936825 ], [ -56.281097020999901, -17.25581994 ], [ -56.28718, -17.248969528 ], [ -56.273510170999899, -17.248428235999899 ], [ -56.272239779999893, -17.241445368 ], [ -56.257873698, -17.244533607999905 ], [ -56.258099539999897, -17.237819144 ], [ -56.260027788999892, -17.229515010999901 ], [ -56.251731908999901, -17.232346974999899 ], [ -56.250121067, -17.218828164999895 ], [ -56.221913216, -17.228576163 ], [ -56.220011394, -17.2200930999999 ], [ -56.20887062100001, -17.22273404 ], [ -56.21218492299991, -17.209521772 ], [ -56.188593518999902, -17.208739847999905 ], [ -56.184461456999891, -17.194570948 ], [ -56.137763387999897, -17.184650766999901 ], [ -56.108562669, -17.168682755 ], [ -56.058065161999899, -17.175307502 ], [ -56.050984217999897, -17.186948211999901 ], [ -56.049395957999899, -17.174339034 ], [ -56.005510237, -17.204196840999899 ], [ -56.013146479999897, -17.213947522 ], [ -56.008733000999896, -17.236037456 ], [ -56.000510702, -17.246243254 ], [ -55.987937164, -17.242897796 ], [ -55.986958269, -17.258480258 ], [ -55.979485845999896, -17.246433115999899 ], [ -55.973927374, -17.253605266 ], [ -55.951070676, -17.251109826999897 ], [ -55.946203846999907, -17.272504458999901 ], [ -55.938208458, -17.278518081 ], [ -55.924761508, -17.258857599 ], [ -55.897633718999899, -17.268935343 ], [ -55.899880365999898, -17.277034557 ], [ -55.889563332, -17.274602101 ], [ -55.886309796, -17.284739753999901 ], [ -55.875707651, -17.2791574509999 ], [ -55.873509354, -17.269271101 ], [ -55.858229244, -17.283529598 ], [ -55.852598617, -17.278765031 ], [ -55.839931701999909, -17.301240573 ], [ -55.83728952500001, -17.294714902999903 ], [ -55.829341889, -17.295535334 ], [ -55.824839714999897, -17.305513190999903 ], [ -55.807903347, -17.2978850659999 ], [ -55.789879765, -17.326800493 ], [ -55.776782119000011, -17.324244470999901 ], [ -55.772539845, -17.3320496169999 ], [ -55.758650493999902, -17.324711493999899 ], [ -55.71702371, -17.345881049 ], [ -55.709097464, -17.337615668 ], [ -55.701299686, -17.354080725 ], [ -55.693979058, -17.340976802999901 ], [ -55.6846179469999, -17.351316586999904 ], [ -55.682646008999896, -17.3414327529999 ], [ -55.668105119, -17.350687145999903 ], [ -55.654873801999905, -17.340356308 ], [ -55.646408852, -17.359314915 ], [ -55.635894764999904, -17.353048588 ], [ -55.612291533, -17.367288652 ], [ -55.601024485, -17.368397166 ], [ -55.589292596, -17.378245596999903 ], [ -55.579871098, -17.400843084 ], [ -55.585450903, -17.422523429 ], [ -55.577425574, -17.424149739 ], [ -55.550483002, -17.446908795999899 ], [ -55.557010928999901, -17.448726752 ], [ -55.521180363, -17.4731928799999 ], [ -55.518622923999899, -17.481444101 ], [ -55.489547016999907, -17.484617189999899 ], [ -55.47197636300001, -17.483802985999898 ], [ -55.453763885999898, -17.501840221 ], [ -55.430681207, -17.510601436999895 ], [ -55.423341127999905, -17.509882816999902 ], [ -55.380619085, -17.523852830999903 ], [ -55.377113279999897, -17.515042606999899 ], [ -55.3533420649999, -17.53598112 ], [ -55.343864141, -17.547321993 ], [ -55.329649705999898, -17.548438664999903 ], [ -55.292667663, -17.542549605 ], [ -55.292450547, -17.550318978 ], [ -55.285322392999909, -17.551724711 ], [ -55.28956181, -17.560312656999901 ], [ -55.271258804999903, -17.5600687579999 ], [ -55.2641090239999, -17.575241978999902 ], [ -55.246610935, -17.591566311 ], [ -55.243225934, -17.598768118 ], [ -55.225029440999904, -17.602306418999898 ], [ -55.21960623, -17.606408433 ], [ -55.218947876, -17.617069881 ], [ -55.199837989999899, -17.6170523219999 ], [ -55.194174327, -17.625244149 ], [ -55.18667241, -17.62058279 ], [ -55.166811306999897, -17.634207661999898 ], [ -55.156917921999899, -17.642476921 ], [ -55.142865104999892, -17.642100592 ], [ -55.122384849, -17.648888875999905 ], [ -55.102163189, -17.629984925 ], [ -55.049129338999897, -17.639938556999901 ], [ -55.011265575, -17.63411159 ], [ -54.993974384, -17.635162317 ], [ -54.988666355, -17.62966002 ], [ -54.977980466, -17.624152022 ], [ -54.930895291999896, -17.61092188 ], [ -54.901881709999891, -17.611877626 ], [ -54.889832650999899, -17.619811711999898 ], [ -54.856109341, -17.620711179 ], [ -54.821060534, -17.6003758529999 ], [ -54.757569717, -17.558162249 ], [ -54.7502852699999, -17.523416975 ], [ -54.700585787, -17.506313109 ], [ -54.697249427, -17.500623808999901 ], [ -54.672388003, -17.502823731 ], [ -54.652360288, -17.490195446 ], [ -54.614552214, -17.488554151999899 ], [ -54.604720095999902, -17.485350659999899 ], [ -54.579997576, -17.471047652 ], [ -54.555216674999905, -17.488168231 ], [ -54.521257804999898, -17.479825955 ], [ -54.481120443, -17.4881110379999 ], [ -54.468718253, -17.52719153 ], [ -54.416528104, -17.544227448999898 ], [ -54.392310506999898, -17.569984259 ], [ -54.382836036, -17.579410093 ], [ -54.382304357999899, -17.604324904 ], [ -54.37763974300001, -17.613866045999899 ], [ -54.385121152999908, -17.635936156999897 ], [ -54.329390009, -17.65910336 ], [ -54.274549636, -17.654048155999895 ], [ -54.219938906, -17.620457847 ], [ -54.173223403, -17.606037435 ], [ -54.115493724, -17.618106613999899 ], [ -54.082244586999906, -17.61634271 ], [ -54.061861716, -17.576919825999902 ], [ -54.045908012, -17.537227390999899 ], [ -54.056909472, -17.512320880999905 ], [ -54.051964343999899, -17.505699331 ], [ -54.045989964999904, -17.502377262 ], [ -54.023266593999899, -17.477073075 ], [ -53.972507506999897, -17.470283559999899 ], [ -53.918909873, -17.421763154 ], [ -53.86999226599989, -17.36994462 ], [ -53.831046226999902, -17.350411123 ], [ -53.826132845, -17.312656128999901 ], [ -53.81471564, -17.290434505 ], [ -53.785713264, -17.287515132 ], [ -53.763120003, -17.247709147 ], [ -53.708655858, -17.228167018 ], [ -53.69511607, -17.240411024 ], [ -53.684047883999902, -17.251957718 ], [ -53.704607467, -17.663509545 ], [ -53.806328524, -17.672371153 ], [ -53.857024699, -17.7081490909999 ], [ -53.893963665999905, -17.767429359999902 ], [ -53.8954942619999, -17.777024694 ], [ -53.951832684, -17.869186457999898 ], [ -53.946731288, -17.90841162 ], [ -53.951663518, -17.915790721 ], [ -53.946526213, -17.922818687 ], [ -53.905135781999903, -17.913088365 ], [ -53.88543986, -17.913284669999904 ], [ -53.876944005, -17.923526448 ], [ -53.873941865999903, -17.917119283 ], [ -53.870160106999897, -17.9273987239999 ], [ -53.854246992, -17.9258343179999 ], [ -53.842739332999891, -17.940003181 ], [ -53.801800688999904, -17.97358689 ], [ -53.769847187000011, -18.000050326999901 ], [ -53.717257788, -17.999020994 ], [ -53.699114621, -18.007424523999902 ], [ -53.650161348, -17.977956337 ], [ -53.610886976, -17.981672381 ], [ -53.5883813579999, -18.0129958099999 ], [ -53.558690769999899, -18.005449504 ], [ -53.551011817, -18.015535993999904 ], [ -53.54165591, -18.016770548 ], [ -53.531654096, -18.020258155 ], [ -53.479408428999903, -18.038646878999895 ], [ -53.457958423, -18.014149307 ], [ -53.445930143999902, -17.989176664999903 ], [ -53.421327086, -17.9857890719999 ], [ -53.409103264, -17.993333184999901 ], [ -53.369379788999908, -18.0072658469999 ], [ -53.361143044999899, -18.006263114 ], [ -53.284678393, -18.000157817999902 ], [ -53.210991587, -18.017826182 ], [ -53.173308683, -18.0415269 ], [ -53.071362109999903, -18.030342253999901 ], [ -53.07083789099989, -17.9721060799999 ], [ -53.113925682999898, -17.923411590999901 ], [ -53.125791367, -17.910412411 ], [ -53.123639386, -17.90388404 ], [ -53.137369226, -17.853458605 ], [ -53.133827956999909, -17.834906857 ], [ -53.144458855000011, -17.8229794659999 ], [ -53.145052671, -17.8159449579999 ], [ -53.157365131999903, -17.791920713 ], [ -53.157048318, -17.783558291 ], [ -53.186684619999902, -17.747566203 ], [ -53.196600761, -17.7343096449999 ], [ -53.213381469999909, -17.722896976999895 ], [ -53.220564754, -17.720503130999901 ], [ -53.234101901, -17.706098247999904 ], [ -53.235832172999906, -17.697459406999901 ], [ -53.239153703999897, -17.691980483 ], [ -53.24249781, -17.670460874 ], [ -53.241145628, -17.663024912 ], [ -53.246473425, -17.645745893 ], [ -53.246804987, -17.634640939 ], [ -53.238924368, -17.567519649 ], [ -53.243171092999908, -17.522026436 ], [ -53.232599276, -17.481082463999904 ], [ -53.231796088, -17.474377282 ], [ -53.228577695, -17.446496495 ], [ -53.220050383999897, -17.415459423 ], [ -53.206885971, -17.399062828999899 ], [ -53.207315502, -17.391316103 ], [ -53.204472705999905, -17.384093191 ], [ -53.199953244, -17.375355620999901 ], [ -53.2045676239999, -17.368617179999902 ], [ -53.199243012, -17.362314016 ], [ -53.20658889, -17.3611733 ], [ -53.201763518, -17.344549561 ], [ -53.203918104, -17.3383636639999 ], [ -53.213242755, -17.3230625909999 ], [ -53.210257252, -17.317213099 ], [ -53.21820689, -17.297658157999901 ], [ -53.194276859999896, -17.273398496 ], [ -53.193646783, -17.258867023999901 ], [ -53.184118487, -17.252769037999901 ], [ -53.156817531999899, -17.182297215999899 ], [ -53.14819300100001, -17.168145594 ], [ -53.127985195, -17.152140173 ], [ -53.112340006, -17.112268507 ], [ -53.086851765999903, -17.100364672 ], [ -53.090260831, -17.094846918 ], [ -53.085338307, -17.085327442999901 ], [ -53.07971385, -17.088748574 ], [ -53.080572218, -17.079728928999899 ], [ -53.074031138999899, -17.082260622 ], [ -53.067083036, -17.077973769 ], [ -53.056075403, -17.064706853 ], [ -53.0691838669999, -17.049823876999895 ], [ -53.055443056999898, -17.015128435999902 ], [ -53.054756303, -16.970756251 ], [ -53.056513851, -16.964626219 ], [ -53.048241925999903, -16.965556994999897 ], [ -53.037076528999897, -16.938144467 ], [ -53.033608210999901, -16.909705034 ], [ -53.020043248, -16.895965872 ], [ -53.013404641, -16.860853878999901 ], [ -52.964074723, -16.867285889 ], [ -52.966386782, -16.859775989 ], [ -52.950961226999901, -16.860119360999899 ], [ -52.957246713, -16.853944985999899 ], [ -52.949669766999897, -16.853646951 ], [ -52.945597764, -16.841880656999905 ], [ -52.931924512, -16.835932442999901 ], [ -52.934249372999901, -16.8251485279999 ], [ -52.938215051, -16.818372523999901 ], [ -52.943880244999903, -16.811741649999899 ], [ -52.933253669, -16.803302511 ], [ -52.925250763, -16.8186383 ], [ -52.907502572999903, -16.804279396 ], [ -52.878983101, -16.777329101 ], [ -52.87304145600001, -16.780846483999898 ], [ -52.848455483999899, -16.766019241 ], [ -52.829998738, -16.767344787999903 ], [ -52.803555402, -16.743066116 ], [ -52.798740171, -16.748217708 ], [ -52.786483083, -16.740328674999901 ], [ -52.783177351999903, -16.712497008999897 ], [ -52.760019057, -16.703013171 ], [ -52.756046575, -16.6712946019999 ], [ -52.771465099, -16.670148199 ], [ -52.740169099999903, -16.657062691 ], [ -52.745600534999909, -16.630125993 ], [ -52.7185450489999, -16.643863442999901 ], [ -52.725037368, -16.616158695 ], [ -52.741516783, -16.608740041 ], [ -52.730932427, -16.597615441 ], [ -52.740304059, -16.591126904 ], [ -52.714522362, -16.593103103 ], [ -52.709519792, -16.597549131999902 ], [ -52.704067057, -16.571172439 ], [ -52.6776139259999, -16.585256178999902 ], [ -52.668586151999897, -16.56980691 ], [ -52.6600114189999, -16.569329142999898 ], [ -52.669951942, -16.555185599 ], [ -52.65526224900001, -16.559516458 ], [ -52.643806674, -16.547236731999899 ], [ -52.63541879400001, -16.550737302999899 ], [ -52.625806333, -16.521506393 ], [ -52.635023208, -16.500780569 ], [ -52.610600143999903, -16.498013113 ], [ -52.607803292, -16.491615749999902 ], [ -52.606439162999898, -16.484529684999899 ], [ -52.613222278, -16.468846312 ], [ -52.606478498999891, -16.461281124 ], [ -52.620249639, -16.465472475999896 ], [ -52.617743937999897, -16.448388754999904 ], [ -52.645002878999904, -16.425020645 ], [ -52.645584476, -16.411300401999899 ], [ -52.681335319, -16.404913708 ], [ -52.683526968, -16.3887690769999 ], [ -52.683457879999899, -16.3745281019999 ], [ -52.692404331, -16.348469954999899 ], [ -52.684411085, -16.339487816 ], [ -52.685173624999898, -16.332217591 ], [ -52.675253258999902, -16.296436687 ], [ -52.656482739, -16.279641406999904 ], [ -52.621484116, -16.285321662999898 ], [ -52.600160081999903, -16.270861123 ], [ -52.58432598, -16.258461848 ], [ -52.574742645, -16.2501401449999 ], [ -52.554484788, -16.265542439999901 ], [ -52.547568482, -16.261774977 ], [ -52.570037796, -16.231591848999901 ], [ -52.545136327, -16.222102231999902 ], [ -52.54639736099989, -16.163042752 ], [ -52.52599128, -16.147404993999896 ], [ -52.515363252, -16.133543173 ], [ -52.492338213, -16.138671691 ], [ -52.4666197069999, -16.127020224 ], [ -52.391192233, -16.094094583 ], [ -52.370887358999902, -16.095099581999904 ], [ -52.364474760999897, -16.082531612 ], [ -52.333174739999905, -16.074356598 ], [ -52.303675079999898, -16.001356456999901 ], [ -52.298414812, -15.996583637 ], [ -52.278802646, -15.955472179 ], [ -52.256032801999901, -15.919132433999897 ], [ -52.253588954999898, -15.9123603039999 ], [ -52.252272268999903, -15.904841969 ], [ -52.25106306, -15.891372886999898 ], [ -52.202976594999903, -15.885946551 ], [ -52.144316357, -15.8908886749999 ], [ -52.122723266, -15.892171311 ], [ -52.116663770999899, -15.886731568 ], [ -52.062969509, -15.886416160999897 ], [ -52.007274375, -15.883535136 ], [ -51.977878198, -15.840231179999899 ], [ -51.953686612999903, -15.836792099 ], [ -51.951802762999897, -15.8119992709999 ], [ -51.904755356999893, -15.818722826999903 ], [ -51.899248727, -15.824195072 ], [ -51.882670109999893, -15.828485288 ], [ -51.870546122999897, -15.796342067 ], [ -51.862673355, -15.791324868999901 ], [ -51.820131010999901, -15.730152462 ], [ -51.803129585, -15.721744848999899 ], [ -51.788077007, -15.682694679999896 ], [ -51.781016673999908, -15.671870152999901 ], [ -51.75423226999991, -15.612473351999901 ], [ -51.780678421999895, -15.546422686 ], [ -51.768449604, -15.529809433 ], [ -51.755971527, -15.539972658999901 ], [ -51.750498964, -15.5610090489999 ], [ -51.725576428999894, -15.54412903 ], [ -51.73758385, -15.515188543 ], [ -51.716792991, -15.499622105 ], [ -51.698966739999904, -15.484929177 ], [ -51.705988686, -15.4497427599999 ], [ -51.693247931, -15.421985234 ], [ -51.689643454, -15.394764531 ], [ -51.669881748, -15.372506496 ], [ -51.690712629, -15.3221623699999 ], [ -51.6684253, -15.282781174 ], [ -51.64544586800001, -15.261806493999904 ], [ -51.671962599, -15.247809194 ], [ -51.650583426, -15.186154987 ], [ -51.639481960999902, -15.170762110999904 ], [ -51.629511169, -15.166680588 ], [ -51.595341835999903, -15.1551844799999 ], [ -51.558914506999898, -15.106517804 ], [ -51.540292084, -15.080170183 ], [ -51.537225619, -15.073601171999901 ], [ -51.515521161, -15.0566835549999 ], [ -51.454117685, -15.042457156 ], [ -51.421331939, -15.005903603 ], [ -51.365476863, -15.007868877 ], [ -51.324803279999912, -14.970419893999976 ], [ -51.30218764599983, -14.988590035999836 ], [ -51.291221722999914, -15.033895792999886 ], [ -51.264449689999822, -15.042762692999815 ], [ -51.213702063000021, -15.018213781999915 ], [ -51.148859575999893, -14.973890775999964 ], [ -51.144918081999897, -14.943410625000013 ], [ -51.086049913, -14.919033139 ], [ -51.0891665669999, -14.839135605 ], [ -51.0587400329999, -14.802973306 ], [ -51.047264469, -14.796293537999899 ], [ -51.047461924999901, -14.77364118 ], [ -51.055759016, -14.745448167999903 ], [ -51.053188507, -14.738881868 ], [ -51.026041181, -14.6910529699999 ], [ -51.026658634999897, -14.659358134999897 ], [ -50.994732, -14.617318898 ], [ -50.993705131, -14.570143157 ], [ -50.963496377999903, -14.517884575 ], [ -50.973024955, -14.497684227 ], [ -50.969925237, -14.4885124429999 ], [ -50.98118475, -14.463238105999899 ], [ -50.986900573, -14.44119434 ], [ -50.996451491999899, -14.409179616 ], [ -50.978662414, -14.347133992 ], [ -50.968466215, -14.316615533999903 ], [ -50.974954216, -14.288834768999902 ], [ -50.945496996, -14.2241316019999 ], [ -50.910112558, -14.149618932 ], [ -50.917968603, -14.116091715 ], [ -50.898731338999902, -14.114935503 ], [ -50.895103736, -14.130869554 ], [ -50.867983669, -14.117701799 ], [ -50.848335206999899, -14.114391924 ], [ -50.832324099999894, -14.072831252 ], [ -50.85618635, -14.019329426999899 ], [ -50.847344408, -14.0032675209999 ], [ -50.867328062, -13.968334827 ], [ -50.840017240999899, -13.9177628319999 ], [ -50.84136529099991, -13.909149419999901 ], [ -50.845402705, -13.851611775 ], [ -50.852792006, -13.842065146 ], [ -50.855269197, -13.757350512999901 ], [ -50.873900593, -13.734475098 ], [ -50.840421020999898, -13.711803718999899 ], [ -50.829733728, -13.709814313 ], [ -50.803606086999899, -13.688555591999899 ], [ -50.766925356999892, -13.577409895 ], [ -50.75756372, -13.51890886 ], [ -50.694035378, -13.469550838 ], [ -50.678363440999895, -13.443583202 ], [ -50.663945646999899, -13.4349565169999 ], [ -50.66591109, -13.377303416 ], [ -50.609279951, -13.31878088 ], [ -50.605594671999903, -13.275074812 ], [ -50.591984823, -13.257043591999899 ], [ -50.589251375999893, -13.20952074 ], [ -50.604593161, -13.179243439999899 ], [ -50.595020256999909, -13.155975114999899 ], [ -50.597253802, -13.0940838559999 ], [ -50.609592595, -13.059088044 ], [ -50.571704130999898, -13.047297853 ], [ -50.580302441999898, -13.026778798999898 ], [ -50.58741815, -13.018548935 ], [ -50.587293963, -12.998502991 ], [ -50.542822279999903, -12.987394595 ], [ -50.523727790999899, -12.971183152 ], [ -50.522601133, -12.924762571 ], [ -50.507159663, -12.883260317 ], [ -50.499895367, -12.867811545999899 ], [ -50.507056555, -12.856129005999902 ], [ -50.490354338, -12.825534403999898 ], [ -50.486451013, -12.805041399999903 ], [ -50.490362207, -12.799787873 ], [ -50.488254272999903, -12.777847352 ], [ -50.476759922, -12.765080053 ], [ -50.474658035999902, -12.757097454 ], [ -50.485795074, -12.741861432999899 ], [ -50.466401979, -12.732503188999898 ], [ -50.478164768999903, -12.710409398 ], [ -50.461949838999899, -12.693832189 ], [ -50.436035718, -12.695583268 ], [ -50.438329424, -12.6580203689999 ], [ -50.428249256999898, -12.649811395 ], [ -50.436006668999902, -12.649110175 ], [ -50.4287143889999, -12.643355825999897 ], [ -50.412285121, -12.648063622999901 ], [ -50.414178482999894, -12.619861568 ], [ -50.390241922, -12.6097011479999 ], [ -50.39479016, -12.597671195 ], [ -50.375279277999908, -12.575203728 ], [ -50.364974205, -12.568895671 ], [ -50.365384873, -12.553413631999899 ], [ -50.360327851, -12.5493985909999 ], [ -50.363786658, -12.543902456 ], [ -50.345279567, -12.539905009999901 ], [ -50.341038963999907, -12.532394376 ], [ -50.32970943999991, -12.532877696999902 ], [ -50.32761738499989, -12.513539732 ], [ -50.311932215, -12.519701413999902 ], [ -50.322982677, -12.505422345999902 ], [ -50.27336123, -12.480682827 ], [ -50.222909082999898, -12.4459839849999 ], [ -50.210420537999902, -12.448933595 ], [ -50.2142341489999, -12.4423415369999 ], [ -50.182113527999903, -12.423757598999899 ], [ -50.171297763, -12.413111356999901 ], [ -50.158386051, -12.400859124 ], [ -50.15228071300001, -12.403157092 ], [ -50.163914436, -12.435792752999902 ], [ -50.181152000999901, -12.445276088 ], [ -50.194711868, -12.456703215999898 ], [ -50.218668224999909, -12.501627508 ], [ -50.224276449999898, -12.5387962369999 ], [ -50.20391598899991, -12.559746966 ], [ -50.2254555869999, -12.585600486 ], [ -50.236132321999897, -12.577807035 ], [ -50.240481315999908, -12.613126805 ], [ -50.239245657, -12.625267640999899 ], [ -50.254911787, -12.629945402 ], [ -50.268235908999898, -12.657213168999903 ], [ -50.271461995, -12.683241778 ], [ -50.278326854999897, -12.677932059999899 ], [ -50.280312486, -12.684092693 ], [ -50.296583074, -12.690822785 ], [ -50.295293886, -12.707858917 ], [ -50.286668499, -12.7202318949999 ], [ -50.286702026999897, -12.726841496 ], [ -50.302614208, -12.747152646 ], [ -50.295342186, -12.753142883999901 ], [ -50.303923094, -12.778051085 ], [ -50.310679019, -12.799472253 ], [ -50.306955853, -12.815885858999902 ], [ -50.301757887999891, -12.823851552 ], [ -50.28108449699991, -12.840715033 ], [ -50.225103026999903, -12.861414855 ], [ -50.219557027999898, -12.87519667 ], [ -50.18286972, -12.896675285 ], [ -50.154383997, -12.896296500999901 ], [ -50.097293619, -12.908100487 ], [ -50.075362007, -12.9115118 ], [ -50.047743345, -12.924985960999898 ], [ -50.037321060999901, -12.935536801 ], [ -50.012386515999907, -12.931539465999901 ], [ -49.985360772, -12.9428274279999 ], [ -49.911161192, -12.966761399999898 ], [ -49.368315907, -13.272301372 ], [ -49.337322162, -13.247377792999901 ], [ -49.344894709999899, -13.201890664 ], [ -49.352304949, -13.14212852 ], [ -49.343662292, -13.121531155999898 ], [ -49.352770125999903, -13.099356875999899 ], [ -49.309337620999898, -13.033698874 ], [ -49.2761780169999, -12.97865187 ], [ -49.280405437, -12.971026782 ], [ -49.246233086, -12.907975206999899 ], [ -49.24362328, -12.8991645159999 ], [ -49.230430565999903, -12.884611886 ], [ -49.192940426999897, -12.859422623999899 ], [ -49.119715484, -12.7894869539999 ], [ -49.102386834999898, -12.835652772999898 ], [ -49.069795289999902, -12.848881768999901 ], [ -49.083726784, -12.893941099 ], [ -49.065602611, -12.905197831999901 ], [ -49.059730053, -12.9080621689999 ], [ -49.04153235, -12.908404701999901 ], [ -49.023552788, -12.905820677 ], [ -49.019488786999901, -12.911758548 ], [ -49.012184295999894, -12.9131378399999 ], [ -48.990863394, -12.9406938 ], [ -48.975504080999904, -12.956433526 ], [ -48.868666598999901, -12.803609177999901 ], [ -48.846818035, -12.814925248999899 ], [ -48.83973006, -12.843203421999903 ], [ -48.819243722, -12.846639718999898 ], [ -48.812192272999894, -12.8566997629999 ], [ -48.811043242, -12.865276252999902 ], [ -48.789338347, -12.882991075999902 ], [ -48.782337627999894, -12.882803011 ], [ -48.734179212, -12.928582537 ], [ -48.73180092, -12.9835623069999 ], [ -48.72408718, -12.991325045999901 ], [ -48.70921685, -13.002529170999898 ], [ -48.70290158200001, -12.999836361 ], [ -48.669092330999902, -12.997960151 ], [ -48.638914183999901, -13.01717761 ], [ -48.637791598, -13.023395196 ], [ -48.637373016, -13.03012798 ], [ -48.615751953, -13.056432168 ], [ -48.60037001099991, -13.06580401 ], [ -48.600111623, -13.072351985 ], [ -48.58819736, -13.1038355049999 ], [ -48.581219056999899, -13.1277317399999 ], [ -48.590421297, -13.149003794 ], [ -48.594316739, -13.15436762 ], [ -48.58818358, -13.159144303999902 ], [ -48.583743045999903, -13.168167723 ], [ -48.58213556, -13.219295442 ], [ -48.597578142, -13.2431327369999 ], [ -48.591313108, -13.251832857999903 ], [ -48.595109713999904, -13.3033840689999 ], [ -48.588845595, -13.308631820999899 ], [ -48.585445893, -13.319576740999899 ], [ -48.566105703999895, -13.303482711 ], [ -48.553322064, -13.296744119 ], [ -48.553711101, -13.290349388 ], [ -48.551190286, -13.2010917699999 ], [ -48.528890174, -13.185347469 ], [ -48.51942281, -13.141958087 ], [ -48.486228324, -13.141247501 ], [ -48.483589007, -13.1487594029999 ], [ -48.470748891, -13.1443394189999 ], [ -48.4734771299999, -13.235942174999902 ], [ -48.468400185999904, -13.240256313 ], [ -48.45938318200001, -13.251172982999902 ], [ -48.455097087, -13.282706832 ], [ -48.435070988999897, -13.290142895 ], [ -48.423446257, -13.271677898 ], [ -48.390870026999899, -13.2675012779999 ], [ -48.388813947, -13.261301463999899 ], [ -48.3519286229999, -13.241324838 ], [ -48.33970045800001, -13.247106185 ], [ -48.34153093, -13.232224812 ], [ -48.309588054, -13.232823109 ], [ -48.307906763999902, -13.226631668 ], [ -48.289832818, -13.213022484 ], [ -48.288692227, -13.206738759 ], [ -48.278595512, -13.207826570999901 ], [ -48.242789758999898, -13.187512058 ], [ -48.230693236, -13.171430062999899 ], [ -48.194613364, -13.171138208999901 ], [ -48.186441949, -13.153397882 ], [ -48.172227608, -13.151401479 ], [ -48.152778055999903, -13.155473944999901 ], [ -48.162967982999902, -13.2051835789999 ], [ -48.154312075999897, -13.221027869999903 ], [ -48.168333894999897, -13.242525300999901 ], [ -48.156490394999899, -13.262543303 ], [ -48.159865049, -13.286611863 ], [ -48.164974609999902, -13.306536482 ], [ -48.154698306999897, -13.303266651999898 ], [ -48.100140971, -13.292880947999899 ], [ -48.089908500999989, -13.289869387 ], [ -48.072084627, -13.266977945 ], [ -48.07601054299991, -13.239283193999901 ], [ -48.058383503999899, -13.241537053999901 ], [ -48.053630278, -13.252021738999902 ], [ -48.030747737999903, -13.257138591999901 ], [ -48.032021425, -13.274788807999901 ], [ -47.98586771, -13.278019933999902 ], [ -47.966885068999893, -13.314893395 ], [ -47.942026395, -13.305871451 ], [ -47.936685006999902, -13.290058670999901 ], [ -47.903559097, -13.305566167999901 ], [ -47.889775454, -13.314857039999902 ], [ -47.885820633, -13.3199668849999 ], [ -47.817216543, -13.315374349 ], [ -47.676896825, -13.462985153 ], [ -47.635437270999908, -13.390434152 ], [ -47.62233248, -13.3694425579999 ], [ -47.649905353, -13.348094413 ], [ -47.658462498999903, -13.295016562999898 ], [ -47.6465496289999, -13.270630251999899 ], [ -47.642282506, -13.2580445049999 ], [ -47.660162801, -13.219462587 ], [ -47.6667508909999, -13.211914595999898 ], [ -47.654247525, -13.177191868 ], [ -47.666424393999904, -13.170607204 ], [ -47.643015461999894, -13.145210166 ], [ -47.643911698999908, -13.118112359999898 ], [ -47.634549486, -13.107347056 ], [ -47.601742726999902, -13.1097065239999 ], [ -47.5627329759999, -13.121236805 ], [ -47.563085381, -13.183391401999899 ], [ -47.537301962999905, -13.187857076999899 ], [ -47.517715091, -13.183387502999901 ], [ -47.494285171999898, -13.1848242249999 ], [ -47.478042081, -13.185279566 ], [ -47.485768417, -13.220719419 ], [ -47.437198423, -13.225948781999898 ], [ -47.431852651, -13.237601649999903 ], [ -47.452053951000011, -13.243366863999901 ], [ -47.429610235, -13.290038266 ], [ -47.398965899, -13.261722783 ], [ -47.391842805, -13.260763031 ], [ -47.390417333999906, -13.241254550999901 ], [ -47.383452198, -13.241197741999901 ], [ -47.370709711, -13.229347144 ], [ -47.344496675999906, -13.248744044 ], [ -47.338291131999902, -13.246328739 ], [ -47.326407775999897, -13.254170416 ], [ -47.294917623999901, -13.249265533 ], [ -47.281432912, -13.264703815 ], [ -47.268243583, -13.237384442999899 ], [ -47.250404069999909, -13.2310481879999 ], [ -47.249998849999898, -13.2105215 ], [ -47.214757735, -13.194685626 ], [ -47.178925926, -13.19259492 ], [ -47.180141218, -13.2063564979999 ], [ -47.136477547, -13.204568147 ], [ -47.13677228400001, -13.181685446 ], [ -47.10783957, -13.172391006999902 ], [ -47.085386463, -13.178945305 ], [ -47.077663875, -13.161371211 ], [ -47.0088875289999, -13.139287663999902 ], [ -46.999999867, -13.121399943 ], [ -46.978660121, -13.131234247 ], [ -46.963518483, -13.1128224679999 ], [ -46.928563112999903, -13.085830377 ], [ -46.878720669, -13.049916007 ], [ -46.867230532, -13.068692150999899 ], [ -46.8548403409999, -13.0648444 ], [ -46.813909791999897, -13.000656991 ], [ -46.750610975, -12.969155006999898 ], [ -46.45464987, -12.971152609999899 ], [ -46.439894828, -12.9359064 ], [ -46.417943711, -12.822448927 ], [ -46.401512351999898, -12.846877359 ], [ -46.3749994779999, -12.8499221349999 ], [ -46.375229308, -12.856363649999901 ], [ -46.366369378999899, -12.86737949 ], [ -46.364725414, -12.8845360299999 ], [ -46.366041282, -12.938615561999899 ], [ -46.371561531999902, -12.966983763 ], [ -46.372099257999906, -12.986272468 ], [ -46.238093504999902, -12.962386875999901 ], [ -46.180877262, -12.948567915999901 ], [ -46.159239410999902, -12.93069882 ], [ -46.167379728, -12.92820298 ], [ -46.218019472, -12.949895954999898 ], [ -46.267442892, -12.940373798999902 ], [ -46.316764597, -12.955814835 ], [ -46.321819354, -12.951751805999898 ], [ -46.30594285, -12.938914646999899 ], [ -46.314490615, -12.934695829 ], [ -46.306402826, -12.923812174 ], [ -46.306562175, -12.90761007 ], [ -46.300363753999903, -12.904902598 ], [ -46.287940531999901, -12.894604409 ], [ -46.29282182, -12.890463132 ], [ -46.290103385999899, -12.884389284 ], [ -46.2915907289999, -12.877774066 ], [ -46.300153978, -12.8641823639999 ], [ -46.29696215, -12.8566304559999 ], [ -46.273781996, -12.830830988999901 ], [ -46.279278468, -12.812473270999902 ], [ -46.291986239000011, -12.80872513 ], [ -46.293994341, -12.797800982 ], [ -46.311752677999898, -12.796854918 ], [ -46.295944289, -12.7794637229999 ], [ -46.294594632, -12.772918929 ], [ -46.28248810799991, -12.771347653 ], [ -46.285885053, -12.763075844 ], [ -46.295466164999901, -12.760454957 ], [ -46.293273176, -12.752261838 ], [ -46.295646124, -12.744361931999903 ], [ -46.289020205, -12.747505929999901 ], [ -46.281824833, -12.735280379 ], [ -46.278778461999899, -12.7410153939999 ], [ -46.2733894469999, -12.713226238999898 ], [ -46.290683354999899, -12.707637301 ], [ -46.305254234, -12.688929195999902 ], [ -46.266617481, -12.657374558999901 ], [ -46.278602701999901, -12.649251290999899 ], [ -46.274942852, -12.641881718 ], [ -46.305478891, -12.636111297999904 ], [ -46.279344303999899, -12.598094929 ], [ -46.295054466999908, -12.578023123 ], [ -46.272468181, -12.563612065 ], [ -46.266647787, -12.548940466 ], [ -46.260012001999897, -12.544227782999899 ], [ -46.210658416999905, -12.513301773 ], [ -46.204188928, -12.50688638 ], [ -46.214944849999902, -12.499759476 ], [ -46.257336885, -12.507740203 ], [ -46.261872793999899, -12.512327527 ], [ -46.266759326999903, -12.506729681 ], [ -46.266761824, -12.473440027 ], [ -46.264027374, -12.464065756 ], [ -46.276166728, -12.457127204 ], [ -46.281544009999905, -12.441292577999899 ], [ -46.27270526800001, -12.437579975999901 ], [ -46.2753137, -12.424979521 ], [ -46.2819363, -12.425131805 ], [ -46.285191832, -12.430656918999899 ], [ -46.292314099999899, -12.4171657549999 ], [ -46.30184464900001, -12.419060104 ], [ -46.304796166, -12.427112226 ], [ -46.3072356489999, -12.446856512 ], [ -46.323922707, -12.465017520999901 ], [ -46.338840656999899, -12.449961926 ], [ -46.330536537999897, -12.428499917999899 ], [ -46.333720776999897, -12.422526644 ], [ -46.336923211999903, -12.4139760149999 ], [ -46.326178282999898, -12.416364987 ], [ -46.296577404999901, -12.38585689 ], [ -46.298397666, -12.379730961 ], [ -46.29178215, -12.378524057999899 ], [ -46.312039759999905, -12.359097169999901 ], [ -46.334070326999893, -12.359674046999899 ], [ -46.340460446999899, -12.361248220999899 ], [ -46.357117721999899, -12.362846169 ], [ -46.348350013999898, -12.351863866 ], [ -46.370340156999909, -12.351029961999901 ], [ -46.363402763000011, -12.338417433 ], [ -46.346528479, -12.304925308 ], [ -46.381695325, -12.29493587 ], [ -46.381748683, -12.279517101 ], [ -46.36963307, -12.267811547999898 ], [ -46.387582659, -12.246303693 ], [ -46.367060073999909, -12.2213015629999 ], [ -46.381766696999904, -12.212333064999902 ], [ -46.375607742999897, -12.198384288999899 ], [ -46.400392737999901, -12.1938037369999 ], [ -46.395375295999905, -12.1895631039999 ], [ -46.383897406, -12.176762376999902 ], [ -46.401315060999892, -12.160353615 ], [ -46.385970619, -12.148100675 ], [ -46.370260260999899, -12.102606126 ], [ -46.398591332, -12.09144341 ], [ -46.382699841, -12.083691230999898 ], [ -46.386602454, -12.061627504999899 ], [ -46.395793704, -12.060577921999899 ], [ -46.385626032999902, -12.051593307 ], [ -46.422348745, -12.048592786 ], [ -46.456114847, -12.050287593999899 ], [ -46.479115925, -12.048897955 ], [ -46.448868676, -12.028156238 ], [ -46.422130437, -12.025009542 ], [ -46.420487345, -12.017721927 ], [ -46.405643268999903, -12.010737298 ], [ -46.402288509999899, -12.017667162 ], [ -46.388828368, -12.010280497999902 ], [ -46.387128050999898, -11.99778735 ], [ -46.380830421, -11.999458983 ], [ -46.329010151, -11.953403095999901 ], [ -46.320199966, -11.944502402 ], [ -46.21870137, -11.928323794999899 ], [ -46.191997122, -11.916801619 ], [ -46.182249973999909, -11.904799958 ], [ -46.25682004, -11.9171912469999 ], [ -46.274516091999899, -11.915993188 ], [ -46.281383886999897, -11.917618728 ], [ -46.285713054, -11.912853253 ], [ -46.324470028, -11.909017853 ], [ -46.3311363239999, -11.898345831 ], [ -46.338527617999901, -11.899519384 ], [ -46.357651517, -11.883534561 ], [ -46.362239167, -11.891956928 ], [ -46.370658305999903, -11.889589853 ], [ -46.379455401, -11.8522510949999 ], [ -46.376692725999902, -11.845373440999904 ], [ -46.376759781, -11.8346051029999 ], [ -46.356104579, -11.840399677999899 ], [ -46.355141665, -11.821519023 ], [ -46.357947724, -11.815061324999901 ], [ -46.339021439, -11.8116645879999 ], [ -46.337208265999905, -11.801399021999901 ], [ -46.342964286, -11.791763218 ], [ -46.348189546999897, -11.786084613999902 ], [ -46.331969086, -11.769650988 ], [ -46.355673469999907, -11.772791911999901 ], [ -46.349663941, -11.768117452 ], [ -46.348065344, -11.757314568 ], [ -46.369503596999898, -11.76701868 ], [ -46.37706467200001, -11.752364589 ], [ -46.366276827, -11.742628087 ], [ -46.332505238, -11.732645992999901 ], [ -46.324245166, -11.717662243999898 ], [ -46.324209709999906, -11.7095153029999 ], [ -46.32026773, -11.703884921999901 ], [ -46.309746404999892, -11.684581023 ], [ -46.319142956, -11.674673487 ], [ -46.327085247, -11.677011779999901 ], [ -46.339775775, -11.663912528 ], [ -46.341916177, -11.657108975 ], [ -46.342749981999901, -11.650628891999901 ], [ -46.340182211999903, -11.644288634 ], [ -46.359262090999898, -11.633351503 ], [ -46.367423368999901, -11.6360283459999 ], [ -46.388022728, -11.645007366 ], [ -46.393497731, -11.639448624 ], [ -46.384221318, -11.625587932 ], [ -46.376894424999904, -11.622170936 ], [ -46.373822892, -11.615891813 ], [ -46.366865242, -11.620216276 ], [ -46.35657845, -11.618151768 ], [ -46.335366485999899, -11.612548202 ], [ -46.32335739, -11.606821994 ], [ -46.278671119, -11.611069299 ], [ -46.237688579, -11.6102728079999 ], [ -46.225982772, -11.637531260999902 ], [ -46.177310092, -11.646501999 ], [ -46.151006023, -11.645664978 ], [ -46.135777747, -11.622791661 ], [ -46.0848596129999, -11.618738997 ], [ -46.090871279999902, -11.6153056639999 ], [ -46.2126062789999, -11.581602329 ], [ -46.262937943999901, -11.5327289919999 ], [ -46.362262943, -11.5082106569999 ], [ -46.4458879439999, -11.517015655 ], [ -46.524224607999898, -11.45974732 ], [ -46.524621275, -11.452913988 ], [ -46.535457939, -11.37196732 ], [ -46.573972938999894, -11.364900652 ], [ -46.56855460500001, -11.316258983999898 ], [ -46.539047937, -11.2434689849999 ], [ -46.341879365999901, -10.939513378 ], [ -46.267266264999897, -10.9348023229999 ], [ -46.254687224999905, -10.8072244849999 ], [ -46.227439728, -10.783221763 ], [ -46.210022072999898, -10.7960708539999 ], [ -46.18889785399989, -10.740013006 ], [ -46.179789277999902, -10.733302927999899 ], [ -46.168524907999902, -10.724879637 ], [ -46.150660731999899, -10.6872043029999 ], [ -46.160762926, -10.65943899 ], [ -46.149906888, -10.636219004999901 ], [ -45.974632261999901, -10.551869789 ], [ -45.92927449, -10.521635035 ], [ -45.870897332, -10.5032788939999 ], [ -45.820642923, -10.457258995 ], [ -45.798184587, -10.323247328 ], [ -45.726889587, -10.312535662999903 ], [ -45.699264709, -10.2585673209999 ], [ -45.702171998, -10.1790487499999 ], [ -45.723483949, -10.155412708 ], [ -45.735190386999903, -10.1800997669999 ], [ -45.732808871, -10.189631474 ], [ -45.727263549, -10.203381095999902 ], [ -45.744025151, -10.2399559319999 ], [ -45.760694305, -10.250618948 ], [ -45.795529807, -10.2677981169999 ], [ -45.870760211999901, -10.25002882 ], [ -45.896728459, -10.264290209 ], [ -45.915631821, -10.312664538 ], [ -45.887171372, -10.3404619 ], [ -45.910936934999896, -10.371088635 ], [ -45.971114918999902, -10.358939314999899 ], [ -45.988727335, -10.324928723 ], [ -46.000846279, -10.301876647 ], [ -46.028206790999903, -10.277103296999901 ], [ -46.012423289, -10.2506961029999 ], [ -45.99883434, -10.257453251999902 ], [ -45.970836692, -10.2489656829999 ], [ -45.946265269, -10.258549947999899 ], [ -45.952362341, -10.213391655 ], [ -45.898380238, -10.143858102 ], [ -45.870985485999903, -10.076866387999898 ], [ -45.876994952, -10.050970868 ], [ -45.875383553999903, -10.043159854999901 ], [ -45.842515234, -9.93946970699994 ], [ -45.864430463, -9.86146771099993 ], [ -45.855369992999989, -9.84791852099994 ], [ -45.854372850999908, -9.841356453999941 ], [ -45.851923942, -9.83505172399998 ], [ -45.834569175, -9.795469583999928 ], [ -45.821010557, -9.758798089999969 ], [ -45.831712683, -9.701470769999958 ], [ -45.83756413, -9.697581041999969 ], [ -45.824364884, -9.614659682999958 ], [ -45.837615379999903, -9.59234975599998 ], [ -45.83679488500001, -9.55865611599995 ], [ -45.812877398, -9.507080532999961 ], [ -45.783520537, -9.48001102699993 ], [ -45.802143359999903, -9.422264347999938 ], [ -45.833424233999892, -9.368925006999969 ], [ -45.855123162, -9.356726665999931 ], [ -45.893675976999901, -9.342622653999967 ], [ -45.905481028999901, -9.300003462999941 ], [ -45.896906321999907, -9.278139682999949 ], [ -45.900713369, -9.248142738999952 ], [ -45.905848848999909, -9.192870926999937 ], [ -45.8997653119999, -9.180691087999948 ], [ -45.929279019, -9.131412741999952 ], [ -45.928057425, -9.088593178999931 ], [ -45.940353494, -9.04851323799994 ], [ -45.945863046999897, -9.01312320399995 ], [ -45.992556663999899, -8.939119212999971 ], [ -45.980839887999899, -8.884296339999928 ], [ -45.96718262600001, -8.875217219999969 ], [ -45.970941774, -8.86162538699995 ], [ -45.95836952, -8.840409326999968 ], [ -45.946667783, -8.842698162999969 ], [ -45.954004079, -8.827416618999962 ], [ -45.957443757, -8.812196356999948 ], [ -45.952139073, -8.806150895999961 ], [ -45.913425812, -8.762644178999949 ], [ -45.890727614999903, -8.759279351999959 ], [ -45.883061886, -8.73452186099996 ], [ -45.864065535, -8.72314649899994 ], [ -45.848311778, -8.71034203399995 ], [ -45.841757425, -8.715251495999951 ], [ -45.812781222999902, -8.657302189999942 ], [ -45.819507213999898, -8.639632777999958 ], [ -45.794554685, -8.613607553999939 ], [ -45.776383572, -8.617151784999979 ], [ -45.768011788, -8.60663552099993 ], [ -45.79511418, -8.586474205999931 ], [ -45.761383157999909, -8.557309258999959 ], [ -45.740591837, -8.49956722599995 ], [ -45.744007703, -8.481159833999932 ], [ -45.738632896, -8.442324361999969 ], [ -45.728867275, -8.408087968999951 ], [ -45.722594945, -8.405313399999949 ], [ -45.714607014, -8.388297024999931 ], [ -45.70499438600001, -8.37669571699996 ], [ -45.664173935, -8.26573402199995 ], [ -45.662974646999899, -8.249621757999931 ], [ -45.612049164, -8.200162166999972 ], [ -45.607696629, -8.18227495499997 ], [ -45.584095848999901, -8.151683697999939 ], [ -45.58425204799989, -8.125282885999979 ], [ -45.576976247999902, -8.11614936899997 ], [ -45.582789673, -8.094217721999941 ], [ -45.565424471, -8.041196904999937 ], [ -45.569478497, -8.036040619999939 ], [ -45.577592632999902, -8.029031126999937 ], [ -45.562300576, -8.013969366999961 ], [ -45.552852346, -8.016272513999979 ], [ -45.567903483999899, -7.996874781999961 ], [ -45.545469222, -7.958650214999978 ], [ -45.554007855, -7.950729322999959 ], [ -45.538138464, -7.918755621999939 ], [ -45.531830847, -7.92258660499994 ], [ -45.524867555, -7.906751274999981 ], [ -45.541984899999903, -7.894573655999981 ], [ -45.520420953, -7.885609369999939 ], [ -45.539559707, -7.862063748999959 ], [ -45.525468950999908, -7.848493675999982 ], [ -45.510848667999909, -7.80182764899996 ], [ -45.498554526, -7.79727237399993 ], [ -45.4983491959999, -7.784629480999973 ], [ -45.492850238, -7.788302042999931 ], [ -45.488332496999909, -7.760881665999932 ], [ -45.496077403, -7.747252291999928 ], [ -45.486330666999898, -7.751348100999961 ], [ -45.4828599639999, -7.71653513899997 ], [ -45.468528266, -7.71029331799997 ], [ -45.465747469, -7.68839524999993 ], [ -45.449290358, -7.68628995199998 ], [ -45.456897794, -7.67029168799996 ], [ -45.435364186999891, -7.67580586899993 ], [ -45.427731752999897, -7.660032408999938 ], [ -45.419559934999903, -7.659477506999961 ], [ -45.410536389999898, -7.644206338999941 ], [ -45.398686682999895, -7.640247119999969 ], [ -45.393976586999898, -7.613380287999969 ], [ -45.368127661, -7.61476062599996 ], [ -45.328010519, -7.57574619599995 ], [ -45.270400152, -7.56901336599998 ], [ -45.230629856999904, -7.549468249999961 ], [ -45.220446330999899, -7.56859894299993 ], [ -45.156934148999895, -7.513753406999968 ], [ -45.134349254, -7.520161304999931 ], [ -45.071451375, -7.50381090099995 ], [ -45.04408496, -7.510428224999941 ], [ -44.994466529, -7.48729074299996 ], [ -44.923448279, -7.469294753999982 ], [ -44.894049897999899, -7.424553455999959 ], [ -44.866355371999909, -7.416750833999969 ], [ -44.838982062, -7.38509170599997 ], [ -44.818996786, -7.36764633399997 ], [ -44.810641083999904, -7.362412587999928 ], [ -44.804581979, -7.365659455999952 ], [ -44.781405407, -7.37788952099993 ], [ -44.74198084599989, -7.361703938999941 ], [ -44.724885195, -7.39265115399996 ], [ -44.690369587, -7.39576888999994 ], [ -44.659171387999905, -7.32852529199994 ], [ -44.610661778, -7.300456019999961 ], [ -44.585330311999897, -7.260923915999971 ], [ -44.562312167999892, -7.226887337999928 ], [ -44.523169547999899, -7.220263988999931 ], [ -44.501656349, -7.184989799999928 ], [ -44.378685493, -7.119315319999939 ], [ -44.327378551, -7.110151180999939 ], [ -44.310188543, -7.11955199599993 ], [ -44.273970467, -7.064715687999981 ], [ -44.276364790999907, -7.034600695999931 ], [ -44.257816605999899, -6.999091709999961 ], [ -44.233264812, -6.99638989299996 ], [ -44.226132850999903, -6.988187779999979 ], [ -44.201505519, -6.94856098399993 ], [ -44.1986023279999, -6.92976243199996 ], [ -44.173702042999892, -6.920087770999941 ], [ -44.171346031, -6.884977212999959 ], [ -44.136119621, -6.85516775699995 ], [ -44.125123922999904, -6.835585235999931 ], [ -44.115044364, -6.842163134999959 ], [ -44.107207887, -6.857772413999951 ], [ -44.098709837999898, -6.839943665999949 ], [ -44.116313431, -6.81494264599996 ], [ -44.107153895, -6.802370433999949 ], [ -44.094564853, -6.80338040999993 ], [ -44.069697057, -6.82137752699998 ], [ -44.059847216, -6.80590474799993 ], [ -44.057459251999902, -6.77444186199995 ], [ -44.023319998, -6.760172303999979 ], [ -44.005426217, -6.758927806999959 ], [ -44.0, -2.637070125811714 ], [ -44.027674953, -2.66274668999995 ], [ -44.029151850999902, -2.67017221699996 ], [ -44.084760461, -2.74889031899994 ], [ -44.092505606, -2.74668619999994 ], [ -44.0949129259999, -2.75325003499995 ], [ -44.117294667, -2.75164286799998 ], [ -44.121457048000011, -2.75659397899994 ], [ -44.12702956, -2.76101259999996 ], [ -44.233207733, -2.77504670699994 ], [ -44.260879762999899, -2.77471600599995 ], [ -44.2646715, -2.75417407799995 ], [ -44.235293328999902, -2.72491213299998 ], [ -44.204146045, -2.71660008699996 ], [ -44.175327665999902, -2.702041418999951 ], [ -44.13690206, -2.67399594899996 ], [ -44.106280468, -2.62557094899995 ], [ -44.096940747, -2.592585213999941 ], [ -44.077583639999901, -2.56266574399996 ], [ -44.054397576, -2.56457187299998 ], [ -44.034878735999897, -2.55252830099994 ], [ -44.027451680999903, -2.50049678199997 ], [ -44.052389002, -2.46658321199993 ], [ -44.034630937, -2.45047050699998 ], [ -44.023095111, -2.44608637799996 ], [ -44.035556949, -2.406273370999941 ], [ -44.0479400259999, -2.40524838499994 ], [ -44.109592817, -2.41484741299996 ], [ -44.12534183, -2.42355552999993 ], [ -44.162558825, -2.44887780699997 ], [ -44.25622585, -2.48084384399993 ], [ -44.304639359, -2.48813396999998 ], [ -44.320324188, -2.50285067699997 ], [ -44.307002821, -2.521705669999959 ], [ -44.317033823, -2.54070403899993 ], [ -44.324704031999907, -2.52805845199993 ], [ -44.349066160999897, -2.527430104999949 ], [ -44.369217632999906, -2.56193889199994 ], [ -44.374831647, -2.56961965199997 ], [ -44.35669939, -2.60736009599998 ], [ -44.358774841, -2.61448223599996 ], [ -44.389939708, -2.71775221899998 ], [ -44.38561784, -2.73496097899994 ], [ -44.409189637999894, -2.79363329199992 ], [ -44.410287113, -2.80145438299996 ], [ -44.411931883, -2.91191632399995 ], [ -44.466907615, -2.99985014199996 ], [ -44.532498806, -3.04404978499997 ], [ -44.541127236, -3.04457520299997 ], [ -44.610876004, -3.033311391999971 ], [ -44.671533642, -3.00452119199997 ], [ -44.679207858, -2.917047119999951 ], [ -44.636953321, -2.86584729799995 ], [ -44.639149055, -2.83337770599996 ], [ -44.648635079, -2.79762748699994 ], [ -44.623230146, -2.73433362299994 ], [ -44.62474013, -2.70058596999996 ], [ -44.60187357800001, -2.675120705999971 ], [ -44.549334299999899, -2.58074584399998 ], [ -44.546652782, -2.57073001599997 ], [ -44.5322327599999, -2.52594392899994 ], [ -44.506043454, -2.53037587599994 ], [ -44.484925827, -2.50865013099997 ], [ -44.481649717, -2.49967344699996 ], [ -44.461772171, -2.47672258199998 ], [ -44.443695647, -2.448083003999951 ], [ -44.477833302, -2.42947508499998 ], [ -44.48850297, -2.43282416699998 ], [ -44.499541446, -2.42782302599994 ], [ -44.4619557299999, -2.41029495899994 ], [ -44.439871281, -2.414163005999971 ], [ -44.431017912999906, -2.40894335799993 ], [ -44.422391729, -2.40970822999998 ], [ -44.410044135, -2.40924740099996 ], [ -44.404748939999898, -2.41531027599996 ], [ -44.380185592, -2.39627391099998 ], [ -44.374352536999901, -2.36634109599993 ], [ -44.378246077, -2.36091231199993 ], [ -44.358335618999902, -2.33546265999996 ], [ -44.381995749999902, -2.27776784199995 ], [ -44.389850359, -2.27447286499995 ], [ -44.3968441, -2.22269494199998 ], [ -44.404182956999897, -2.21906645899998 ], [ -44.403744601, -2.208999427999971 ], [ -44.450648005999902, -2.15343164399997 ], [ -44.462617693, -2.14496717299994 ], [ -44.480251408999905, -2.14961039699995 ], [ -44.530309418999899, -2.16384947899996 ], [ -44.549884823, -2.19788766699997 ], [ -44.586978002, -2.23547551399997 ], [ -44.625504635, -2.27699236699993 ], [ -44.634586199, -2.29465375799992 ], [ -44.676128467999909, -2.28253324699995 ], [ -44.681965331999898, -2.25495546199994 ], [ -44.625610347, -2.21760076999993 ], [ -44.586949698, -2.16378548999995 ], [ -44.583704666999893, -2.14108901999992 ], [ -44.588092861999897, -2.13422636599995 ], [ -44.566379449, -2.11939220599993 ], [ -44.562648502999906, -2.10720171299994 ], [ -44.54888476699989, -2.08985006199993 ], [ -44.485148439999904, -2.04028233299994 ], [ -44.5042577789999, -2.02537036499996 ], [ -44.538238948, -2.03385212899997 ], [ -44.544085241999902, -2.03023833499998 ], [ -44.549968095999901, -2.02634186299997 ], [ -44.572066774999897, -2.025309407999941 ], [ -44.571421431, -2.01895763699997 ], [ -44.560856724, -2.01582587599995 ], [ -44.541074363999904, -2.018453324999939 ], [ -44.536070804, -2.02255406799998 ], [ -44.481599620999901, -1.98644880799998 ], [ -44.502422106, -1.96522757999998 ], [ -44.489287956999902, -1.95566185299998 ], [ -44.520538767999895, -1.88070191299994 ], [ -44.5526241009999, -1.88701719799997 ], [ -44.533867582, -1.82552650499997 ], [ -44.547732707, -1.82509321099997 ], [ -44.554979790999901, -1.838203335999939 ], [ -44.567323658, -1.82379138599993 ], [ -44.568180108, -1.79869095199996 ], [ -44.574009367, -1.79569155299993 ], [ -44.590619472999897, -1.78109643599993 ], [ -44.583991233999896, -1.77834331899993 ], [ -44.578877941, -1.77359454199996 ], [ -44.617704316, -1.76021611599992 ], [ -44.599730285, -1.74144820199996 ], [ -44.653737254, -1.71604552499997 ], [ -44.650254149, -1.73343725899997 ], [ -44.647573335999908, -1.74118644199996 ], [ -44.651458276, -1.75301374299994 ], [ -44.647482716, -1.75872844199995 ], [ -44.662588865, -1.77089186999996 ], [ -44.681881725, -1.76932095699993 ], [ -44.704666288999903, -1.77405776899997 ], [ -44.719264314, -1.78957361999994 ], [ -44.7259685289999, -1.78049098899993 ], [ -44.757586067, -1.78899500599994 ], [ -44.700637276999899, -1.73346408299994 ], [ -44.717310139999903, -1.71371214099997 ], [ -44.739953105, -1.72164826199997 ], [ -44.776184676, -1.70531243799996 ], [ -44.785863064, -1.71186990299998 ], [ -44.797771661999903, -1.70481240299995 ], [ -44.743114315, -1.65340334099994 ], [ -44.680611867, -1.64457926399996 ], [ -44.672448272999894, -1.64637449499998 ], [ -44.658488890999898, -1.65975660499993 ], [ -44.63900039, -1.61330796099998 ], [ -44.680614148, -1.56735665399998 ], [ -44.703272706999904, -1.58311750999997 ], [ -44.706733565, -1.56487892199993 ], [ -44.705393713, -1.55819045499993 ], [ -44.716078691, -1.55473806199996 ], [ -44.768704842, -1.59244261299995 ], [ -44.767979421999897, -1.57690989599996 ], [ -44.735171943999902, -1.55647040499997 ], [ -44.734715009, -1.54079648599998 ] ], [ [ -45.89746193500001, -1.16357842599996 ], [ -45.905953349, -1.17186129699996 ], [ -45.909162466999902, -1.16341600699997 ], [ -45.89746193500001, -1.16357842599996 ] ], [ [ -59.601083027999898, 4.01710457200005 ], [ -59.608816191, 4.009454028000049 ], [ -59.608386571, 4.01624533200004 ], [ -59.601083027999898, 4.01710457200005 ] ], [ [ -71.4292383939638, -4.470377279408459 ], [ -71.433501250479694, -4.47666318647436 ], [ -71.43798086241172, -4.47131655287808 ], [ -71.4292383939638, -4.470377279408459 ] ], [ [ -72.125294223803806, -4.71938108459737 ], [ -72.124475370009804, -4.73332568303091 ], [ -72.131640340707506, -4.726750768743599 ], [ -72.125294223803806, -4.71938108459737 ] ], [ [ -50.188396929, -12.420950779999902 ], [ -50.197561397999891, -12.41394668 ], [ -50.190795475999899, -12.4123810409999 ], [ -50.188396929, -12.420950779999902 ] ], [ [ -50.20391598899991, -12.559746966 ], [ -50.197666307, -12.5536510489999 ], [ -50.193488881, -12.5608450359999 ], [ -50.20391598899991, -12.559746966 ] ], [ [ -46.295054466999908, -12.578023123 ], [ -46.301471928999902, -12.576126932 ], [ -46.296266825, -12.5717088229999 ], [ -46.295054466999908, -12.578023123 ] ], [ [ -45.103017227, -1.46415332599997 ], [ -45.102103878, -1.47199090099997 ], [ -45.111012732999903, -1.47549066499994 ], [ -45.103017227, -1.46415332599997 ] ] ], [ [ [ -44.726932957, -1.67247415399993 ], [ -44.729213345999895, -1.65869277899998 ], [ -44.742015298, -1.66568718699995 ], [ -44.726932957, -1.67247415399993 ] ] ], [ [ [ -44.73223071, -1.68619744499995 ], [ -44.746353703, -1.67725176699997 ], [ -44.749138393, -1.68437217999997 ], [ -44.756221995, -1.69084786399998 ], [ -44.74379593, -1.69886884799996 ], [ -44.73223071, -1.68619744499995 ] ] ], [ [ [ -44.467891075, -2.07711774899997 ], [ -44.471660678, -2.06904081499994 ], [ -44.476869642999901, -2.07316742099994 ], [ -44.467891075, -2.07711774899997 ] ] ], [ [ [ -44.359844237999901, -2.52287638599995 ], [ -44.365673270999906, -2.51864567399997 ], [ -44.372147652, -2.52452560199993 ], [ -44.359844237999901, -2.52287638599995 ] ] ], [ [ [ -44.481548091, -2.72659635799994 ], [ -44.508317643999902, -2.73277675299994 ], [ -44.58805232, -2.81870039499995 ], [ -44.581613333999904, -2.865836961999951 ], [ -44.587063515999901, -2.87068382799993 ], [ -44.589616594999903, -2.894839935999931 ], [ -44.599269098, -2.904532715999951 ], [ -44.618849474999891, -2.956306674999949 ], [ -44.640704001, -2.96931501299997 ], [ -44.622864799, -2.990821647999951 ], [ -44.615698278, -2.99491493099993 ], [ -44.583903701999901, -3.02921052199997 ], [ -44.49559719, -2.97596339599994 ], [ -44.479020433999899, -2.95786032899997 ], [ -44.481548091, -2.72659635799994 ] ] ], [ [ [ -44.660859649, -2.97926304399994 ], [ -44.659662547000011, -2.96496555199997 ], [ -44.665357707999902, -2.97432044699997 ], [ -44.660859649, -2.97926304399994 ] ] ], [ [ [ -44.664136277999901, -2.94356930999993 ], [ -44.6397110079999, -2.92229096899996 ], [ -44.643743551999897, -2.915603084999931 ], [ -44.664321754999897, -2.92832206299994 ], [ -44.664136277999901, -2.94356930999993 ] ] ] ] } }
]
}
